id,ipm_id,ruptl_id,name,type,capacity_mw,province,system,status,role,operator,method,lat,lon,match_tier,match_score,match_reason,name_source,capacity_mw_source,type_source,role_source,operator_source,status_source,coord_source,capacity_mw_ipm,capacity_mw_ruptl,type_ipm,type_ruptl,role_ipm,role_ruptl,has_capacity_conflict,has_type_conflict,has_role_conflict,has_location_conflict,osm_id,osm_source,source_id,review_flag
RUPTL:RUPTL-PAPUA-P-0001,,RUPTL-PAPUA-P-0001,Biak 3,PLTMG,15.0,Papua Pegunungan,,Committed,,,,-4.143776,139.139202,UNMATCHED_RUPTL,0.10,tidak ada IPM row yang cocok dalam thresholds,ruptl,ruptl,ruptl,,,ruptl,ruptl_geocoded,,15.0,,PLTMG,,,,,,,,,,
RUPTL:RUPTL-PAPUA-P-0002,,RUPTL-PAPUA-P-0002,Biak (Kuota) Tersebar,PLTS,10.0,Papua Pegunungan,,Planned,,,,-4.310764,139.054179,UNMATCHED_RUPTL,0.10,tidak ada IPM row yang cocok dalam thresholds,ruptl,ruptl,ruptl,,,ruptl,ruptl_geocoded,,10.0,,PLTS,,,,,,,,,,
RUPTL:RUPTL-PAPUA-P-0003,,RUPTL-PAPUA-P-0003,Wabudori,PLTM,3.0,Papua,,Planned,,,,-4.266333,138.134782,UNMATCHED_RUPTL,0.10,tidak ada IPM row yang cocok dalam thresholds,ruptl,ruptl,ruptl,,,ruptl,ruptl_geocoded,,3.0,,PLTM,,,,,,,,,,
RUPTL:RUPTL-PAPUA-P-0006,,RUPTL-PAPUA-P-0006,Lisdes Papua pegunungan,PLTS,1.494,Papua,,Planned,,,,-4.268938,137.934094,UNMATCHED_RUPTL,0.10,tidak ada IPM row yang cocok dalam thresholds,ruptl,ruptl,ruptl,,,ruptl,ruptl_geocoded,,1.494,,PLTS,,,,,,,,,,
RUPTL:RUPTL-PAPUA-P-0008,,RUPTL-PAPUA-P-0008,Lisdes Papua Selatan,PLTS,4.16,Papua,,Planned,,,,-4.267274,138.155807,UNMATCHED_RUPTL,0.10,tidak ada IPM row yang cocok dalam thresholds,ruptl,ruptl,ruptl,,,ruptl,ruptl_geocoded,,4.16,,PLTS,,,,,,,,,,
RUPTL:RUPTL-PAPUA-P-0012,,RUPTL-PAPUA-P-0012,Lisdes Papua Selatan,PLTS,1.076,Papua,,Planned,,,,-4.078024,138.018313,UNMATCHED_RUPTL,0.10,tidak ada IPM row yang cocok dalam thresholds,ruptl,ruptl,ruptl,,,ruptl,ruptl_geocoded,,1.076,,PLTS,,,,,,,,,,
RUPTL:RUPTL-PAPUA-P-0013,,RUPTL-PAPUA-P-0013,Lisdes,PLTS,2.475,Papua,,Planned,,,,-4.152971,137.954824,UNMATCHED_RUPTL,0.10,tidak ada IPM row yang cocok dalam thresholds,ruptl,ruptl,ruptl,,,ruptl,ruptl_geocoded,,2.475,,PLTS,,,,,,,,,,
RUPTL:RUPTL-PAPUA-P-0014,,RUPTL-PAPUA-P-0014,Lisdes Papua pegunungan,PLTS,133.013,Papua,,Planned,,,,-4.130983,138.164681,UNMATCHED_RUPTL,0.10,tidak ada IPM row yang cocok dalam thresholds,ruptl,ruptl,ruptl,,,ruptl,ruptl_geocoded,,133.013,,PLTS,,,,,,,,,,
RUPTL:RUPTL-PAPUA-P-0015,,RUPTL-PAPUA-P-0015,Lisdes Papua Tengah,PLTS,44.488,Papua,,Planned,,,,-4.492926,138.056103,UNMATCHED_RUPTL,0.10,tidak ada IPM row yang cocok dalam thresholds,ruptl,ruptl,ruptl,,,ruptl,ruptl_geocoded,,44.488,,PLTS,,,,,,,,,,
RUPTL:RUPTL-PAPUA-P-0016,,RUPTL-PAPUA-P-0016,Lisdes Papua Selatan,PLTS,8.031,Papua,,Planned,,,,-4.476059,138.058433,UNMATCHED_RUPTL,0.10,tidak ada IPM row yang cocok dalam thresholds,ruptl,ruptl,ruptl,,,ruptl,ruptl_geocoded,,8.031,,PLTS,,,,,,,,,,
RUPTL:RUPTL-PAPUA-P-0017,,RUPTL-PAPUA-P-0017,Isolated Papua,PLTS,3.186,Papua,,Planned,,,,-4.12888,137.982757,UNMATCHED_RUPTL,0.10,tidak ada IPM row yang cocok dalam thresholds,ruptl,ruptl,ruptl,,,ruptl,ruptl_geocoded,,3.186,,PLTS,,,,,,,,,,
RUPTL:RUPTL-PAPUA-P-0018,,RUPTL-PAPUA-P-0018,Isolated Papua Selatan,PLTS,4.3248,Papua,,Planned,,,,-4.381592,138.209997,UNMATCHED_RUPTL,0.10,tidak ada IPM row yang cocok dalam thresholds,ruptl,ruptl,ruptl,,,ruptl,ruptl_geocoded,,4.3248,,PLTS,,,,,,,,,,
RUPTL:RUPTL-PAPUA-P-0019,,RUPTL-PAPUA-P-0019,Isolated Papua Tengah,PLTS,8.04,Papua,,Planned,,,,-4.092156,138.185644,UNMATCHED_RUPTL,0.10,tidak ada IPM row yang cocok dalam thresholds,ruptl,ruptl,ruptl,,,ruptl,ruptl_geocoded,,8.04,,PLTS,,,,,,,,,,
RUPTL:RUPTL-PAPUA-P-0021,,RUPTL-PAPUA-P-0021,Mamberamo Raya,PLTM,4.0,Papua,,Planned,,,,-4.435781,138.245697,UNMATCHED_RUPTL,0.10,tidak ada IPM row yang cocok dalam thresholds,ruptl,ruptl,ruptl,,,ruptl,ruptl_geocoded,,4.0,,PLTM,,,,,,,,,,
RUPTL:RUPTL-PAPUA-P-0022,,RUPTL-PAPUA-P-0022,Digoel,PLTM,3.0,Papua,,Planned,,,,-4.297029,137.898126,UNMATCHED_RUPTL,0.10,tidak ada IPM row yang cocok dalam thresholds,ruptl,ruptl,ruptl,,,ruptl,ruptl_geocoded,,3.0,,PLTM,,,,,,,,,,
GEN-PAP-0011,GEN-PAP-0011,RUPTL-PAPUA-P-0023,PLTMG MPP Jayapura,PLTMG,50.0,Papua,Papua,existing,Utility,,combustion,-2.6169122,140.7891872,CONFIRMED_MATCH,1.00,"coord 0.2 km ≤ 2.0, type=PLTMG matches, capacity diff 0% ≤ 20%",ipm_osm,ipm_osm,ipm_osm,ipm_osm,,ipm_osm,ipm_osm,50.0,50.0,PLTMG,PLTMG,Utility,,false,false,,false,way/1191857160,gas,OSM-overpass,
GEN-PAP-0011,GEN-PAP-0011,RUPTL-PAPUA-P-0024,PLTMG MPP Jayapura,PLTMG,50.0,Papua,Papua,existing,Utility,,combustion,-2.6169122,140.7891872,CONFIRMED_MATCH,1.00,"coord 0.2 km ≤ 2.0, type=PLTMG matches, capacity diff 0% ≤ 20%",ipm_osm,ipm_osm,ipm_osm,ipm_osm,,ipm_osm,ipm_osm,50.0,50.0,PLTMG,PLTMG,Utility,,false,false,,false,way/1191857160,gas,OSM-overpass,
GEN-PAP-0006,GEN-PAP-0006,RUPTL-PAPUA-P-0025,PLTMG Jayapura,PLTMG,40.0,Papua,Papua,existing,Utility,,combustion,-2.6163241,140.7913037,PROBABLE_MATCH,0.80,"token set sama, jarak=0.0 km",ipm_osm,ipm_osm,ipm_osm,ipm_osm,,ipm_osm,ipm_osm,40.0,50.0,PLTMG,PLTS,Utility,,false,true,,false,way/894329107,gas,OSM-overpass,
GEN-PAP-0006,GEN-PAP-0006,RUPTL-PAPUA-P-0026,PLTMG Jayapura,PLTMG,40.0,Papua,Papua,existing,Utility,,combustion,-2.6163241,140.7913037,PROBABLE_MATCH,0.80,"token set sama, jarak=0.0 km",ipm_osm,ipm_osm,ipm_osm,ipm_osm,,ipm_osm,ipm_osm,40.0,50.0,PLTMG,PLTS,Utility,,false,true,,false,way/894329107,gas,OSM-overpass,
RUPTL:RUPTL-PAPUA-P-0027,,RUPTL-PAPUA-P-0027,Amai,PLTM,1.08,Papua,,Planned,,,,-4.284506,138.198257,UNMATCHED_RUPTL,0.10,tidak ada IPM row yang cocok dalam thresholds,ruptl,ruptl,ruptl,,,ruptl,ruptl_geocoded,,1.08,,PLTM,,,,,,,,,,
GEN-PAP-0011,GEN-PAP-0011,RUPTL-PAPUA-P-0028,PLTMG MPP Jayapura,PLTMG,50.0,Papua,Papua,existing,Utility,,combustion,-2.6169122,140.7891872,CONFIRMED_MATCH,1.00,"coord 0.2 km ≤ 2.0, type=PLTMG matches, capacity diff 0% ≤ 20%",ipm_osm,ipm_osm,ipm_osm,ipm_osm,,ipm_osm,ipm_osm,50.0,50.0,PLTMG,PLTMG,Utility,,false,false,,false,way/1191857160,gas,OSM-overpass,
RUPTL:RUPTL-PAPUA-P-0029,,RUPTL-PAPUA-P-0029,Merauke 4,PLTMG,10.0,Papua,,Planned,,,,-4.272285,138.228197,UNMATCHED_RUPTL,0.10,tidak ada IPM row yang cocok dalam thresholds,ruptl,ruptl,ruptl,,,ruptl,ruptl_geocoded,,10.0,,PLTMG,,,,,,,,,,
RUPTL:RUPTL-PAPUA-P-0030,,RUPTL-PAPUA-P-0030,Merauke (Kuota) Tersebar,PLTS,10.0,Papua,,Planned,,,,-4.203291,137.900216,UNMATCHED_RUPTL,0.10,tidak ada IPM row yang cocok dalam thresholds,ruptl,ruptl,ruptl,,,ruptl,ruptl_geocoded,,10.0,,PLTS,,,,,,,,,,
RUPTL:RUPTL-PAPUA-P-0031,,RUPTL-PAPUA-P-0031,Merauke 3,PLTBM,10.0,Papua,,Planned,,,,-4.345747,138.226637,UNMATCHED_RUPTL,0.10,tidak ada IPM row yang cocok dalam thresholds,ruptl,ruptl,ruptl,,,ruptl,ruptl_geocoded,,10.0,,PLTBM,,,,,,,,,,
RUPTL:RUPTL-PAPUA-P-0032,,RUPTL-PAPUA-P-0032,Merauke (Kuota) Tersebar,PLTS,10.0,Papua,,Planned,,,,-4.414549,138.012801,UNMATCHED_RUPTL,0.10,tidak ada IPM row yang cocok dalam thresholds,ruptl,ruptl,ruptl,,,ruptl,ruptl_geocoded,,10.0,,PLTS,,,,,,,,,,
RUPTL:RUPTL-PAPUA-P-0033,,RUPTL-PAPUA-P-0033,Kalibumi I,PLTM,6.35,Papua,,Planned,,,,-4.431169,138.011949,UNMATCHED_RUPTL,0.10,tidak ada IPM row yang cocok dalam thresholds,ruptl,ruptl,ruptl,,,ruptl,ruptl_geocoded,,6.35,,PLTM,,,,,,,,,,
RUPTL:RUPTL-PAPUA-P-0034,,RUPTL-PAPUA-P-0034,Nabire (Kuota) Tersebar,PLTS,10.0,Papua,,Planned,,,,-4.487461,138.24668,UNMATCHED_RUPTL,0.10,tidak ada IPM row yang cocok dalam thresholds,ruptl,ruptl,ruptl,,,ruptl,ruptl_geocoded,,10.0,,PLTS,,,,,,,,,,
RUPTL:RUPTL-PAPUA-P-0035,,RUPTL-PAPUA-P-0035,Nabire 3,PLTMG,10.0,Papua,,Planned,,,,-4.446771,137.97165,UNMATCHED_RUPTL,0.10,tidak ada IPM row yang cocok dalam thresholds,ruptl,ruptl,ruptl,,,ruptl,ruptl_geocoded,,10.0,,PLTMG,,,,,,,,,,
RUPTL:RUPTL-PAPUA-P-0036,,RUPTL-PAPUA-P-0036,Nabire (Kuota) Tersebar,PLTS,10.0,Papua,,Planned,,,,-4.479963,137.95835,UNMATCHED_RUPTL,0.10,tidak ada IPM row yang cocok dalam thresholds,ruptl,ruptl,ruptl,,,ruptl,ruptl_geocoded,,10.0,,PLTS,,,,,,,,,,
RUPTL:RUPTL-PAPUA-P-0037,,RUPTL-PAPUA-P-0037,Sarmi,PLTD,5.0,Papua,,Committed,,,,-4.249582,138.28983,UNMATCHED_RUPTL,0.10,tidak ada IPM row yang cocok dalam thresholds,ruptl,ruptl,ruptl,,,ruptl,ruptl_geocoded,,5.0,,PLTD,,,,,,,,,,
RUPTL:RUPTL-PAPUA-P-0038,,RUPTL-PAPUA-P-0038,Sarmi,PLTS,5.0,Papua,,Planned,,,,-4.104528,138.071856,UNMATCHED_RUPTL,0.10,tidak ada IPM row yang cocok dalam thresholds,ruptl,ruptl,ruptl,,,ruptl,ruptl_geocoded,,5.0,,PLTS,,,,,,,,,,
RUPTL:RUPTL-PAPUA-P-0039,,RUPTL-PAPUA-P-0039,Serui 1,PLTMG,10.0,Papua,,Construction,,,,-4.357088,137.871664,UNMATCHED_RUPTL,0.10,tidak ada IPM row yang cocok dalam thresholds,ruptl,ruptl,ruptl,,,ruptl,ruptl_geocoded,,10.0,,PLTMG,,,,,,,,,,
RUPTL:RUPTL-PAPUA-P-0040,,RUPTL-PAPUA-P-0040,Serui,PLTS,5.0,Papua,,Planned,,,,-4.442091,137.927448,UNMATCHED_RUPTL,0.10,tidak ada IPM row yang cocok dalam thresholds,ruptl,ruptl,ruptl,,,ruptl,ruptl_geocoded,,5.0,,PLTS,,,,,,,,,,
RUPTL:RUPTL-PAPUA-P-0041,,RUPTL-PAPUA-P-0041,Serui 2,PLTMG,10.0,Papua,,Planned,,,,-4.089544,137.934988,UNMATCHED_RUPTL,0.10,tidak ada IPM row yang cocok dalam thresholds,ruptl,ruptl,ruptl,,,ruptl,ruptl_geocoded,,10.0,,PLTMG,,,,,,,,,,
GEN-PAP-0008,GEN-PAP-0008,RUPTL-PAPUA-P-0042,PLTMG Timika,PLTMG,10.0,Papua,Papua,existing,Utility,,combustion,-4.7534102,136.7675772,PROBABLE_MATCH,0.80,"token set sama, jarak=0.0 km",ipm_osm,ipm_osm,ipm_osm,ipm_osm,,ipm_osm,ipm_osm,10.0,30.0,PLTMG,PLTMG,Utility,,true,false,,false,way/1121717386,gas,OSM-overpass,
GEN-PAP-0008,GEN-PAP-0008,RUPTL-PAPUA-P-0043,PLTMG Timika,PLTMG,10.0,Papua,Papua,existing,Utility,,combustion,-4.7534102,136.7675772,CONFIRMED_MATCH,1.00,"coord 0.0 km ≤ 2.0, type=PLTMG matches, capacity diff 0% ≤ 20%",ipm_osm,ipm_osm,ipm_osm,ipm_osm,,ipm_osm,ipm_osm,10.0,10.0,PLTMG,PLTMG,Utility,,false,false,,false,way/1121717386,gas,OSM-overpass,
GEN-PAP-0008,GEN-PAP-0008,RUPTL-PAPUA-P-0044,PLTMG Timika,PLTMG,10.0,Papua,Papua,existing,Utility,,combustion,-4.7534102,136.7675772,PROBABLE_MATCH,0.80,"nama-stem sama ('timika'), jarak 0.0 km",ipm_osm,ipm_osm,ipm_osm,ipm_osm,,ipm_osm,ipm_osm,10.0,10.0,PLTMG,PLTS,Utility,,false,true,,false,way/1121717386,gas,OSM-overpass,
GEN-PAP-0008,GEN-PAP-0008,RUPTL-PAPUA-P-0045,PLTMG Timika,PLTMG,10.0,Papua,Papua,existing,Utility,,combustion,-4.7534102,136.7675772,PROBABLE_MATCH,0.80,"token set sama, jarak=0.0 km",ipm_osm,ipm_osm,ipm_osm,ipm_osm,,ipm_osm,ipm_osm,10.0,20.0,PLTMG,PLTMG,Utility,,true,false,,false,way/1121717386,gas,OSM-overpass,
GEN-PAP-0008,GEN-PAP-0008,RUPTL-PAPUA-P-0046,PLTMG Timika,PLTMG,10.0,Papua,Papua,existing,Utility,,combustion,-4.7534102,136.7675772,PROBABLE_MATCH,0.80,"token set sama, jarak=0.0 km",ipm_osm,ipm_osm,ipm_osm,ipm_osm,,ipm_osm,ipm_osm,10.0,20.0,PLTMG,PLTS,Utility,,true,true,,false,way/1121717386,gas,OSM-overpass,
GEN-PAP-0008,GEN-PAP-0008,RUPTL-PAPUA-P-0047,PLTMG Timika,PLTMG,10.0,Papua,Papua,existing,Utility,,combustion,-4.7534102,136.7675772,CONFIRMED_MATCH,1.00,"coord 0.0 km ≤ 2.0, type=PLTMG matches, capacity diff 0% ≤ 20%",ipm_osm,ipm_osm,ipm_osm,ipm_osm,,ipm_osm,ipm_osm,10.0,10.0,PLTMG,PLTMG,Utility,,false,false,,false,way/1121717386,gas,OSM-overpass,
GEN-PAP-0008,GEN-PAP-0008,RUPTL-PAPUA-P-0048,PLTMG Timika,PLTMG,10.0,Papua,Papua,existing,Utility,,combustion,-4.7534102,136.7675772,PROBABLE_MATCH,0.80,"token set sama, jarak=0.0 km",ipm_osm,ipm_osm,ipm_osm,ipm_osm,,ipm_osm,ipm_osm,10.0,10.0,PLTMG,PLTS,Utility,,false,true,,false,way/1121717386,gas,OSM-overpass,
RUPTL:RUPTL-PAPUA-P-0049,,RUPTL-PAPUA-P-0049,Uwe,PLTM,1.5,Papua,,Planned,,,,-4.194816,137.866818,UNMATCHED_RUPTL,0.10,tidak ada IPM row yang cocok dalam thresholds,ruptl,ruptl,ruptl,,,ruptl,ruptl_geocoded,,1.5,,PLTM,,,,,,,,,,
RUPTL:RUPTL-PAPUA-P-0050,,RUPTL-PAPUA-P-0050,Cascade Walesi,PLTM,6.0,Papua,,Planned,,,,-4.1284,138.9567,UNMATCHED_RUPTL,0.10,tidak ada IPM row yang cocok dalam thresholds,ruptl,ruptl,ruptl,,,ruptl,ruptl_geocoded,,6.0,,PLTM,,,,,,,,,,
RUPTL:RUPTL-PAPUA-P-0051,,RUPTL-PAPUA-P-0051,Walesi Blok II,PLTM,3.8,Papua,,Planned,,,,-4.1284,138.9567,UNMATCHED_RUPTL,0.10,tidak ada IPM row yang cocok dalam thresholds,ruptl,ruptl,ruptl,,,ruptl,ruptl_geocoded,,3.8,,PLTM,,,,,,,,,,
RUPTL:RUPTL-PAPUA-P-0052,,RUPTL-PAPUA-P-0052,Bintuni,PLTMG,10.0,Papua Barat Daya,,Committed,,,,-1.130964,131.391398,UNMATCHED_RUPTL,0.10,tidak ada IPM row yang cocok dalam thresholds,ruptl,ruptl,ruptl,,,ruptl,ruptl_geocoded,,10.0,,PLTMG,,,,,,,,,,
RUPTL:RUPTL-PAPUA-P-0053,,RUPTL-PAPUA-P-0053,Bintuni (Kuota) Tersebar,PLTS,5.0,Papua Barat Daya,,Planned,,,,-1.057097,131.430219,UNMATCHED_RUPTL,0.10,tidak ada IPM row yang cocok dalam thresholds,ruptl,ruptl,ruptl,,,ruptl,ruptl_geocoded,,5.0,,PLTS,,,,,,,,,,
RUPTL:RUPTL-PAPUA-P-0054,,RUPTL-PAPUA-P-0054,MPP Fak-Fak,PLTMG,10.0,Papua Barat Daya,,Planned,,,,-1.033652,131.129545,UNMATCHED_RUPTL,0.10,tidak ada IPM row yang cocok dalam thresholds,ruptl,ruptl,ruptl,,,ruptl,ruptl_geocoded,,10.0,,PLTMG,,,,,,,,,,
RUPTL:RUPTL-PAPUA-P-0055,,RUPTL-PAPUA-P-0055,Fak-Fak,PLTMG,10.0,Papua Barat Daya,,Planned,,,,-1.157255,131.371816,UNMATCHED_RUPTL,0.10,tidak ada IPM row yang cocok dalam thresholds,ruptl,ruptl,ruptl,,,ruptl,ruptl_geocoded,,10.0,,PLTMG,,,,,,,,,,
RUPTL:RUPTL-PAPUA-P-0056,,RUPTL-PAPUA-P-0056,Fak-Fak (Kuota) Tersebar,PLTS,5.0,Papua Barat Daya,,Planned,,,,-0.894488,131.273163,UNMATCHED_RUPTL,0.10,tidak ada IPM row yang cocok dalam thresholds,ruptl,ruptl,ruptl,,,ruptl,ruptl_geocoded,,5.0,,PLTS,,,,,,,,,,
RUPTL:RUPTL-PAPUA-P-0057,,RUPTL-PAPUA-P-0057,Lisdes Papua Barat,PLTS,1.008,Papua Barat Daya,,Planned,,,,-1.046457,131.425888,UNMATCHED_RUPTL,0.10,tidak ada IPM row yang cocok dalam thresholds,ruptl,ruptl,ruptl,,,ruptl,ruptl_geocoded,,1.008,,PLTS,,,,,,,,,,
RUPTL:RUPTL-PAPUA-P-0062,,RUPTL-PAPUA-P-0062,Lisdes Papua Barat Daya,PLTS,2.051,Papua Barat Daya,,Planned,,,,-1.133322,131.364888,UNMATCHED_RUPTL,0.10,tidak ada IPM row yang cocok dalam thresholds,ruptl,ruptl,ruptl,,,ruptl,ruptl_geocoded,,2.051,,PLTS,,,,,,,,,,
RUPTL:RUPTL-PAPUA-P-0064,,RUPTL-PAPUA-P-0064,Isolated Papua Barat Daya,PLTS,2.97561,Papua Barat Daya,,Planned,,,,-0.82273,131.37493,UNMATCHED_RUPTL,0.10,tidak ada IPM row yang cocok dalam thresholds,ruptl,ruptl,ruptl,,,ruptl,ruptl_geocoded,,2.97561,,PLTS,,,,,,,,,,
RUPTL:RUPTL-PAPUA-P-0065,,RUPTL-PAPUA-P-0065,Kaimana,PLTMG,10.0,Papua Barat Daya,,Committed,,,,-1.046258,131.152729,UNMATCHED_RUPTL,0.10,tidak ada IPM row yang cocok dalam thresholds,ruptl,ruptl,ruptl,,,ruptl,ruptl_geocoded,,10.0,,PLTMG,,,,,,,,,,
RUPTL:RUPTL-PAPUA-P-0066,,RUPTL-PAPUA-P-0066,Kaimana 2,PLTBM,10.0,Papua Barat Daya,,Planned,,,,-1.082576,131.24435,UNMATCHED_RUPTL,0.10,tidak ada IPM row yang cocok dalam thresholds,ruptl,ruptl,ruptl,,,ruptl,ruptl_geocoded,,10.0,,PLTBM,,,,,,,,,,
RUPTL:RUPTL-PAPUA-P-0067,,RUPTL-PAPUA-P-0067,MPP Manokwari,PLTMG,20.0,Papua Barat Daya,,Construction,,,,-1.21675,131.174146,UNMATCHED_RUPTL,0.10,tidak ada IPM row yang cocok dalam thresholds,ruptl,ruptl,ruptl,,,ruptl,ruptl_geocoded,,20.0,,PLTMG,,,,,,,,,,
RUPTL:RUPTL-PAPUA-P-0068,,RUPTL-PAPUA-P-0068,Manokwari 3,PLTMG,20.0,Papua Barat Daya,,Committed,,,,-0.83447,131.137738,UNMATCHED_RUPTL,0.10,tidak ada IPM row yang cocok dalam thresholds,ruptl,ruptl,ruptl,,,ruptl,ruptl_geocoded,,20.0,,PLTMG,,,,,,,,,,
RUPTL:RUPTL-PAPUA-P-0069,,RUPTL-PAPUA-P-0069,Manokwari (Eks APBN),PLTS,1.0,Papua Barat Daya,,Planned,,,,-0.968974,131.216073,UNMATCHED_RUPTL,0.10,tidak ada IPM row yang cocok dalam thresholds,ruptl,ruptl,ruptl,,,ruptl,ruptl_geocoded,,1.0,,PLTS,,,,,,,,,,
RUPTL:RUPTL-PAPUA-P-0070,,RUPTL-PAPUA-P-0070,Warnasi Warkapi,PLTM,4.6,Papua Barat Daya,,Planned,,,,-0.783256,131.187721,UNMATCHED_RUPTL,0.10,tidak ada IPM row yang cocok dalam thresholds,ruptl,ruptl,ruptl,,,ruptl,ruptl_geocoded,,4.6,,PLTM,,,,,,,,,,
RUPTL:RUPTL-PAPUA-P-0071,,RUPTL-PAPUA-P-0071,Manokwari,PLTS,15.0,Papua Barat Daya,,Planned,,,,-0.935645,131.316231,UNMATCHED_RUPTL,0.10,tidak ada IPM row yang cocok dalam thresholds,ruptl,ruptl,ruptl,,,ruptl,ruptl_geocoded,,15.0,,PLTS,,,,,,,,,,
RUPTL:RUPTL-PAPUA-P-0072,,RUPTL-PAPUA-P-0072,Manokwari (Kuota) Tersebar,PLTS,10.0,Papua Barat Daya,,Planned,,,,-0.91939,131.169555,UNMATCHED_RUPTL,0.10,tidak ada IPM row yang cocok dalam thresholds,ruptl,ruptl,ruptl,,,ruptl,ruptl_geocoded,,10.0,,PLTS,,,,,,,,,,
RUPTL:RUPTL-PAPUA-P-0073,,RUPTL-PAPUA-P-0073,Manokwari 4,PLTMG,20.0,Papua Barat Daya,,Planned,,,,-1.178198,131.256963,UNMATCHED_RUPTL,0.10,tidak ada IPM row yang cocok dalam thresholds,ruptl,ruptl,ruptl,,,ruptl,ruptl_geocoded,,20.0,,PLTMG,,,,,,,,,,
RUPTL:RUPTL-PAPUA-P-0074,,RUPTL-PAPUA-P-0074,Raja Ampat,PLTMG,10.0,Papua Barat Daya,,Committed,,,,-0.917548,131.077576,UNMATCHED_RUPTL,0.10,tidak ada IPM row yang cocok dalam thresholds,ruptl,ruptl,ruptl,,,ruptl,ruptl_geocoded,,10.0,,PLTMG,,,,,,,,,,
RUPTL:RUPTL-PAPUA-P-0075,,RUPTL-PAPUA-P-0075,Raja Ampat (Kuota) Tersebar,PLTS,3.0,Papua Barat Daya,,Planned,,,,-0.949344,131.106512,UNMATCHED_RUPTL,0.10,tidak ada IPM row yang cocok dalam thresholds,ruptl,ruptl,ruptl,,,ruptl,ruptl_geocoded,,3.0,,PLTS,,,,,,,,,,
RUPTL:RUPTL-PAPUA-P-0076,,RUPTL-PAPUA-P-0076,Sorong (Ex Timika),PLTU,7.0,Papua Barat Daya,,Construction,,,,-1.106475,131.378861,UNMATCHED_RUPTL,0.10,tidak ada IPM row yang cocok dalam thresholds,ruptl,ruptl,ruptl,,,ruptl,ruptl_geocoded,,7.0,,PLTU,,,,,,,,,,
RUPTL:RUPTL-PAPUA-P-0077,,RUPTL-PAPUA-P-0077,Sorong (Ex Timika),PLTU,7.0,Papua Barat Daya,,Construction,,,,-0.921225,131.457774,UNMATCHED_RUPTL,0.10,tidak ada IPM row yang cocok dalam thresholds,ruptl,ruptl,ruptl,,,ruptl,ruptl_geocoded,,7.0,,PLTU,,,,,,,,,,
RUPTL:RUPTL-PAPUA-P-0078,,RUPTL-PAPUA-P-0078,Sorong (Ex Timika),PLTU,14.0,Papua Barat Daya,,Construction,,,,-0.987195,131.187611,UNMATCHED_RUPTL,0.10,tidak ada IPM row yang cocok dalam thresholds,ruptl,ruptl,ruptl,,,ruptl,ruptl_geocoded,,14.0,,PLTU,,,,,,,,,,
RUPTL:RUPTL-PAPUA-P-0079,,RUPTL-PAPUA-P-0079,Sorong,PLTMG,20.0,Papua Barat Daya,,Planned,,,,-1.045783,131.185487,UNMATCHED_RUPTL,0.10,tidak ada IPM row yang cocok dalam thresholds,ruptl,ruptl,ruptl,,,ruptl,ruptl_geocoded,,20.0,,PLTMG,,,,,,,,,,
RUPTL:RUPTL-PAPUA-P-0080,,RUPTL-PAPUA-P-0080,Sorong 2,PLTMG,50.0,Papua Barat Daya,,Committed,,,,-1.046285,131.473631,UNMATCHED_RUPTL,0.10,tidak ada IPM row yang cocok dalam thresholds,ruptl,ruptl,ruptl,,,ruptl,ruptl_geocoded,,50.0,,PLTMG,,,,,,,,,,
RUPTL:RUPTL-PAPUA-P-0081,,RUPTL-PAPUA-P-0081,Sorong (Kuota) Tersebar,PLTS,20.0,Papua Barat Daya,,Planned,,,,-1.024242,131.376476,UNMATCHED_RUPTL,0.10,tidak ada IPM row yang cocok dalam thresholds,ruptl,ruptl,ruptl,,,ruptl,ruptl_geocoded,,20.0,,PLTS,,,,,,,,,,
RUPTL:RUPTL-PAPUA-P-0082,,RUPTL-PAPUA-P-0082,Sorong (Kuota) Tersebar,PLTS,20.0,Papua Barat Daya,,Planned,,,,-1.121555,131.122892,UNMATCHED_RUPTL,0.10,tidak ada IPM row yang cocok dalam thresholds,ruptl,ruptl,ruptl,,,ruptl,ruptl_geocoded,,20.0,,PLTS,,,,,,,,,,
RUPTL:RUPTL-PAPUA-P-0083,,RUPTL-PAPUA-P-0083,Teminabuan (Kuota) Tersebar,PLTS,3.0,Papua Barat Daya,,Planned,,,,-0.807334,131.141828,UNMATCHED_RUPTL,0.10,tidak ada IPM row yang cocok dalam thresholds,ruptl,ruptl,ruptl,,,ruptl,ruptl_geocoded,,3.0,,PLTS,,,,,,,,,,
GEN-PAP-0001,GEN-PAP-0001,,PLTD Kota Sorong,PLTD,40.37,Papua Barat,Papua,existing,Utility,,,-0.8790946,131.2603534,UNMATCHED_IPM,0.10,tidak ada RUPTL row yang cocok,ipm_osm,ipm_osm,ipm_osm,ipm_osm,,ipm_osm,ipm_osm,40.37,,PLTD,,Utility,,,,,,relation/7625982,,OSM-overpass,NO_CAPACITY
GEN-PAP-0002,GEN-PAP-0002,,PLTU Holtekamp,PLTU,24.0,Papua,Papua,existing,Utility,Indonesia Power,combustion,-2.6144744,140.790386,UNMATCHED_IPM,0.10,tidak ada RUPTL row yang cocok,ipm_osm,ipm_osm,ipm_osm,ipm_osm,ipm_osm,ipm_osm,ipm_osm,24.0,,PLTU,,Utility,,,,,,way/377005221,coal,OSM-overpass,
GEN-PAP-0004,GEN-PAP-0004,,PLTU Amamapare,PLTU,255.0,Papua,Papua,existing,Utility,PT Puncak Jaya Power,combustion,-4.8275311,136.8377098,UNMATCHED_IPM,0.10,tidak ada RUPTL row yang cocok,ipm_osm,ipm_osm,ipm_osm,ipm_osm,ipm_osm,ipm_osm,ipm_osm,255.0,,PLTU,,Utility,,,,,,way/614077557,coal,OSM-overpass,
GEN-PAP-0005,GEN-PAP-0005,,PLTD Fakfak,PLTD,8.8,Papua Barat,Papua,existing,Utility,,,-2.9238711,132.2998361,UNMATCHED_IPM,0.10,tidak ada RUPTL row yang cocok,ipm_osm,ipm_osm,ipm_osm,ipm_osm,,ipm_osm,ipm_osm,8.8,,PLTD,,Utility,,,,,,way/629897977,,OSM-overpass,NO_CAPACITY
GEN-PAP-0007,GEN-PAP-0007,,PLTMG Sorong,PLTMG,50.0,Papua Barat,Papua,existing,Utility,,,-1.0205161,131.2469853,UNMATCHED_IPM,0.10,tidak ada RUPTL row yang cocok,ipm_osm,ipm_osm,ipm_osm,ipm_osm,,ipm_osm,ipm_osm,50.0,,PLTMG,,Utility,,,,,,way/940979321,gas,OSM-overpass,
GEN-PAP-0009,GEN-PAP-0009,,PLTS Werua,PLTS,0.020,Papua Barat,Papua,existing,Community,,,-3.4746024,134.0059452,UNMATCHED_IPM,0.10,tidak ada RUPTL row yang cocok,ipm_osm,ipm_osm,ipm_osm,ipm_osm,,ipm_osm,ipm_osm,0.020,,PLTS,,Community,,,,,,way/1164608628,solar,OSM-overpass,NO_CAPACITY
GEN-PAP-0010,GEN-PAP-0010,,PLTS Sara,PLTS,0.020,Papua Barat,Papua,existing,Community,,,-3.4938104,133.979851,UNMATCHED_IPM,0.10,tidak ada RUPTL row yang cocok,ipm_osm,ipm_osm,ipm_osm,ipm_osm,,ipm_osm,ipm_osm,0.020,,PLTS,,Community,,,,,,way/1164613430,solar,OSM-overpass,NO_CAPACITY
GEN-PAP-0012,GEN-PAP-0012,,PLTA Orya Genyem,PLTA,20.0,Papua,Papua,existing,Utility,,,-2.6355849,140.0199124,UNMATCHED_IPM,0.10,tidak ada RUPTL row yang cocok,ipm_osm,ipm_osm,ipm_osm,ipm_osm,,ipm_osm,ipm_osm,20.0,,PLTA,,Utility,,,,,,way/1191857172,hydro,OSM-overpass,
GEN-PAP-0013,GEN-PAP-0013,,PLTD Sanggeng,PLTD,7.5,Papua Barat,Papua,existing,Utility,,combustion,-0.8716802,134.0659233,UNMATCHED_IPM,0.10,tidak ada RUPTL row yang cocok,ipm_osm,ipm_osm,ipm_osm,ipm_osm,,ipm_osm,ipm_osm,7.5,,PLTD,,Utility,,,,,,way/1313567917,diesel,OSM-overpass,
GEN-PAP-0014,GEN-PAP-0014,,PLTS Arfai,PLTS,1.0,Papua Barat,Papua,existing,Utility,,photovoltaic,-0.9239977,134.0267712,UNMATCHED_IPM,0.10,tidak ada RUPTL row yang cocok,ipm_osm,ipm_osm,ipm_osm,ipm_osm,,ipm_osm,ipm_osm,1.0,,PLTS,,Utility,,,,,,way/1313567921,solar,OSM-overpass,
GEN-PAP-0015,GEN-PAP-0015,,PLTS Reremi,PLTS,1.0,Papua Barat,Papua,existing,Utility,,photovoltaic,-0.8436382,134.0483711,UNMATCHED_IPM,0.10,tidak ada RUPTL row yang cocok,ipm_osm,ipm_osm,ipm_osm,ipm_osm,,ipm_osm,ipm_osm,1.0,,PLTS,,Utility,,,,,,way/1313567929,solar,OSM-overpass,
GEN-PAP-0016,GEN-PAP-0016,,PLTMG MPP Manokwari,PLTMG,20.0,Papua Barat,Papua,existing,Utility,,combustion,-0.9348179,134.015478,UNMATCHED_IPM,0.10,tidak ada RUPTL row yang cocok,ipm_osm,ipm_osm,ipm_osm,ipm_osm,,ipm_osm,ipm_osm,20.0,,PLTMG,,Utility,,,,,,way/1313567930,gas,OSM-overpass,
GEN-PAP-0017,GEN-PAP-0017,,PLTD Sinakma,PLTD,6.0,Papua,Papua,existing,Utility,,,-4.1017,138.9312,UNMATCHED_IPM,0.10,tidak ada RUPTL row yang cocok,ipm_osm,ipm_osm,ipm_osm,ipm_osm,,ipm_osm,ipm_osm,6.0,,PLTD,,Utility,,,,,,,,manual_revision_v1.0,MANUAL_ADD_v1.0
GEN-PAP-0018,GEN-PAP-0018,,PLTMH Walesi,PLTMH,3.85,Papua,Papua,existing,Community,,,-4.1284,138.9567,UNMATCHED_IPM,0.10,tidak ada RUPTL row yang cocok,ipm_osm,ipm_osm,ipm_osm,ipm_osm,,ipm_osm,ipm_osm,3.85,,PLTMH,,Community,,,,,,,,manual_revision_v1.0,MANUAL_ADD_v1.0
GEN-PAP-0019,GEN-PAP-0019,,PLTS Pulau Namatota,PLTS,0.063,Papua Barat,Papua,existing,Community,,,-3.6492,133.5684,UNMATCHED_IPM,0.10,tidak ada RUPTL row yang cocok,ipm_osm,ipm_osm,ipm_osm,ipm_osm,,ipm_osm,ipm_osm,0.063,,PLTS,,Community,,,,,,,,manual_revision_v1.0,MANUAL_ADD_v1.0
GEN-PAP-0020,GEN-PAP-0020,,PLTS Kampung Maimai,PLTS,0.040,Papua Barat,Papua,existing,Community,,,-3.6761,133.6711,UNMATCHED_IPM,0.10,tidak ada RUPTL row yang cocok,ipm_osm,ipm_osm,ipm_osm,ipm_osm,,ipm_osm,ipm_osm,0.040,,PLTS,,Community,,,,,,,,manual_revision_v1.0,MANUAL_ADD_v1.0;CAPACITY_RANGE_30-50_kWp_review
GEN-PAP-0021,GEN-PAP-0021,,PLTD Kaimana,PLTD,8.8,Papua Barat,Papua,existing,Utility,,,-3.6558,133.7663,UNMATCHED_IPM,0.10,tidak ada RUPTL row yang cocok,ipm_osm,ipm_osm,ipm_osm,ipm_osm,,ipm_osm,ipm_osm,8.8,,PLTD,,Utility,,,,,,,,manual_revision_v1.0,MANUAL_ADD_v1.0
