id,system,voltage_class,voltage_kv_max,voltage_kv_all,length_km,osm_id,osm_voltage,source_id
TRM-SMT-0001,Sumatra,150 kV,150.0,150,44.385,way/234372890,150000,OSM-overpass
TRM-SMT-0002,Sumatra,150 kV,150.0,150,5.322,way/238273003,150000,OSM-overpass
TRM-SMT-0003,Sumatra,275 kV,275.0,275,113.098,way/239051092,275000,OSM-overpass
TRM-SMT-0004,Sumatra,150 kV,150.0,150,40.398,way/246972430,150000,OSM-overpass
TRM-SMT-0005,Sumatra,150 kV,150.0,150,81.498,way/246972432,150000,OSM-overpass
TRM-SMT-0006,Sumatra,150 kV,150.0,150,13.987,way/249207413,150000,OSM-overpass
TRM-SMT-0007,Sumatra,150 kV,150.0,150,0.203,way/276731729,150000,OSM-overpass
TRM-SMT-0008,Sumatra,150 kV,150.0,150,21.277,way/276990479,150000,OSM-overpass
TRM-SMT-0009,Sumatra,150 kV,150.0,150,11.9,way/276990480,150000,OSM-overpass
TRM-SMT-0010,Sumatra,150 kV,150.0,150,13.903,way/276990482,150000,OSM-overpass
TRM-SMT-0011,Sumatra,150 kV,150.0,150,7.33,way/277204253,150000,OSM-overpass
TRM-SMT-0012,Sumatra,150 kV,150.0,150,17.356,way/277204254,150000,OSM-overpass
TRM-SMT-0013,Sumatra,150 kV,150.0,150,8.946,way/277204255,150000,OSM-overpass
TRM-SMT-0014,Sumatra,150 kV,150.0,150,29.508,way/277204256,150000,OSM-overpass
TRM-SMT-0015,Sumatra,150 kV,150.0,150,19.126,way/277204259,150000,OSM-overpass
TRM-SMT-0016,Sumatra,150 kV,150.0,150,23.676,way/277204267,150000,OSM-overpass
TRM-SMT-0017,Sumatra,150 kV,150.0,150,3.113,way/277204268,150000,OSM-overpass
TRM-SMT-0018,Sumatra,150 kV,150.0,150,2.813,way/277204270,150000,OSM-overpass
TRM-SMT-0019,Sumatra,150 kV,150.0,150,24.778,way/277533477,150000,OSM-overpass
TRM-SMT-0020,Sumatra,275 kV,275.0,275,0.295,way/310695692,275000,OSM-overpass
TRM-SMT-0021,Sumatra,150 kV,150.0,150,0.061,way/310984534,150000,OSM-overpass
TRM-SMT-0022,Sumatra,150 kV,150.0,150,28.791,way/329719286,150000,OSM-overpass
TRM-SMT-0023,Sumatra,150 kV,150.0,150,5.926,way/329730418,150000,OSM-overpass
TRM-SMT-0024,Sumatra,150 kV,150.0,150,35.4,way/329730419,150000,OSM-overpass
TRM-SMT-0025,Sumatra,150 kV,150.0,150,0.11,way/329730423,150000,OSM-overpass
TRM-SMT-0026,Sumatra,150 kV,150.0,150,61.542,way/330191161,150000,OSM-overpass
TRM-SMT-0027,Sumatra,275 kV,275.0,275,61.613,way/330259124,275000,OSM-overpass
TRM-SMT-0028,Sumatra,150 kV,150.0,150,0.045,way/330762622,150000,OSM-overpass
TRM-SMT-0029,Sumatra,150 kV,150.0,150,0.048,way/330762624,150000,OSM-overpass
TRM-SMT-0030,Sumatra,150 kV,150.0,150,2.17,way/330762625,150000,OSM-overpass
TRM-SMT-0031,Sumatra,150 kV,150.0,150,0.139,way/330829515,150000,OSM-overpass
TRM-SMT-0032,Sumatra,150 kV,150.0,150,49.615,way/330829517,150000,OSM-overpass
TRM-SMT-0033,Sumatra,150 kV,150.0,150,0.059,way/330829521,150000,OSM-overpass
TRM-SMT-0034,Sumatra,150 kV,150.0,150,70.508,way/331106604,150000,OSM-overpass
TRM-SMT-0035,Sumatra,150 kV,150.0,150,0.071,way/337039385,150000,OSM-overpass
TRM-SMT-0036,Sumatra,150 kV,150.0,150,32.78,way/337039402,150000,OSM-overpass
TRM-SMT-0037,Sumatra,150 kV,150.0,150,49.576,way/337039405,150000,OSM-overpass
TRM-SMT-0038,Sumatra,150 kV,150.0,150,56.92,way/337039416,150000,OSM-overpass
TRM-SMT-0039,Sumatra,275 kV,275.0,275,34.458,way/337039426,275000,OSM-overpass
TRM-SMT-0040,Sumatra,150 kV,150.0,150,0.054,way/337047406,150000,OSM-overpass
TRM-SMT-0041,Sumatra,150 kV,150.0,150,0.059,way/337047407,150000,OSM-overpass
TRM-SMT-0042,Sumatra,150 kV,150.0,150,6.402,way/338675153,150000,OSM-overpass
TRM-SMT-0043,Sumatra,150 kV,150.0,150,26.458,way/338675154,150000,OSM-overpass
TRM-SMT-0044,Sumatra,150 kV,150.0,150,3.999,way/338675156,150000,OSM-overpass
TRM-SMT-0045,Sumatra,150 kV,150.0,150,11.933,way/338675158,150000,OSM-overpass
TRM-SMT-0046,Sumatra,150 kV,150.0,150,34.4,way/340205046,150000,OSM-overpass
TRM-SMT-0047,Sumatra,150 kV,150.0,150,50.802,way/340205047,150000,OSM-overpass
TRM-SMT-0048,Sumatra,275 kV,275.0,275,70.185,way/340205050,275000,OSM-overpass
TRM-SMT-0049,Sumatra,150 kV,150.0,150,17.655,way/340690028,150000,OSM-overpass
TRM-SMT-0050,Sumatra,150 kV,150.0,150,0.047,way/398787867,150000,OSM-overpass
TRM-SMT-0051,Sumatra,150 kV,150.0,150,0.299,way/398787870,150000,OSM-overpass
TRM-SMT-0052,Sumatra,150 kV,150.0,150,0.03,way/398787873,150000,OSM-overpass
TRM-SMT-0053,Sumatra,150 kV,150.0,150,19.495,way/398787879,150000,OSM-overpass
TRM-SMT-0054,Sumatra,150 kV,150.0,150,20.799,way/398787893,150000,OSM-overpass
TRM-SMT-0055,Sumatra,150 kV,150.0,150,52.652,way/509347394,150000,OSM-overpass
TRM-SMT-0056,Sumatra,150 kV,150.0,150,26.392,way/509347395,150000,OSM-overpass
TRM-SMT-0057,Sumatra,150 kV,150.0,150,54.104,way/509347406,150000,OSM-overpass
TRM-SMT-0058,Sumatra,275 kV,275.0,275,59.698,way/519100432,275000,OSM-overpass
TRM-SMT-0059,Sumatra,150 kV,150.0,150,23.045,way/519100436,150000,OSM-overpass
TRM-SMT-0060,Sumatra,150 kV,150.0,150,3.904,way/519390725,150000,OSM-overpass
TRM-SMT-0061,Sumatra,150 kV,150.0,150,16.457,way/519390727,150000,OSM-overpass
TRM-SMT-0062,Sumatra,150 kV,150.0,150,3.446,way/522566054,150000,OSM-overpass
TRM-SMT-0063,Sumatra,275 kV,275.0,275,70.176,way/522566059,275000,OSM-overpass
TRM-SMT-0064,Sumatra,150 kV,150.0,150,78.264,way/522690655,150000,OSM-overpass
TRM-SMT-0065,Sumatra,150 kV,150.0,150,0.058,way/522690658,150000,OSM-overpass
TRM-SMT-0066,Sumatra,275 kV,275.0,275,76.237,way/523326772,275000,OSM-overpass
TRM-SMT-0067,Sumatra,275 kV,275.0,275,0.097,way/523326775,275000,OSM-overpass
TRM-SMT-0068,Sumatra,150 kV,150.0,150,56.13,way/523326776,150000,OSM-overpass
TRM-SMT-0069,Sumatra,275 kV,275.0,275,43.788,way/524993605,275000,OSM-overpass
TRM-SMT-0070,Sumatra,150 kV,150.0,150,0.046,way/527900231,150000,OSM-overpass
TRM-SMT-0071,Sumatra,150 kV,150.0,150,46.68,way/527900233,150000,OSM-overpass
TRM-SMT-0072,Sumatra,150 kV,150.0,150,4.192,way/527900234,150000,OSM-overpass
TRM-SMT-0073,Sumatra,150 kV,150.0,150,4.16,way/527900236,150000,OSM-overpass
TRM-SMT-0074,Sumatra,150 kV,150.0,150,17.887,way/527900237,150000,OSM-overpass
TRM-SMT-0075,Sumatra,150 kV,150.0,150,0.452,way/527900239,150000,OSM-overpass
TRM-SMT-0076,Sumatra,150 kV,150.0,150,29.951,way/528189328,150000,OSM-overpass
TRM-SMT-0077,Sumatra,150 kV,150.0,150,0.657,way/528189334,150000,OSM-overpass
TRM-SMT-0078,Sumatra,275 kV,275.0,275,0.555,way/528189336,275000,OSM-overpass
TRM-SMT-0079,Sumatra,275 kV,275.0,275,195.175,way/528189337,275000,OSM-overpass
TRM-SMT-0080,Sumatra,275 kV,275.0,275,113.761,way/528189345,275000,OSM-overpass
TRM-SMT-0081,Sumatra,150 kV,150.0,150,39.896,way/528461311,150000,OSM-overpass
TRM-SMT-0082,Sumatra,150 kV,150.0,150,8.489,way/528512462,150000,OSM-overpass
TRM-SMT-0083,Sumatra,150 kV,150.0,150,48.216,way/531090230,150000,OSM-overpass
TRM-SMT-0084,Sumatra,150 kV,150.0,150,63.605,way/536969981,150000,OSM-overpass
TRM-SMT-0085,Sumatra,150 kV,150.0,150,17.993,way/540716516,150000,OSM-overpass
TRM-SMT-0086,Sumatra,150 kV,150.0,150,11.829,way/554690548,150000,OSM-overpass
TRM-SMT-0087,Sumatra,150 kV,150.0,150,0.174,way/554703225,150000,OSM-overpass
TRM-SMT-0088,Sumatra,275 kV,275.0,275,5.74,way/554704477,275000,OSM-overpass
TRM-SMT-0089,Sumatra,275 kV,275.0,275,8.426,way/554704478,275000,OSM-overpass
TRM-SMT-0090,Sumatra,150 kV,150.0,150,0.051,way/556220230,150000,OSM-overpass
TRM-SMT-0091,Sumatra,150 kV,150.0,150,18.475,way/556220231,150000,OSM-overpass
TRM-SMT-0092,Sumatra,150 kV,150.0,150,0.023,way/556253648,150000,OSM-overpass
TRM-SMT-0093,Sumatra,150 kV,150.0,150,0.029,way/556253651,150000,OSM-overpass
TRM-SMT-0094,Sumatra,150 kV,150.0,150,6.248,way/556253653,150000,OSM-overpass
TRM-SMT-0095,Sumatra,150 kV,150.0,150,0.022,way/556253656,150000,OSM-overpass
TRM-SMT-0096,Sumatra,150 kV,150.0,150,3.793,way/556253657,150000,OSM-overpass
TRM-SMT-0097,Sumatra,150 kV,150.0,150,0.074,way/556253658,150000,OSM-overpass
TRM-SMT-0098,Sumatra,150 kV,150.0,150,0.062,way/556253659,150000,OSM-overpass
TRM-SMT-0099,Sumatra,150 kV,150.0,150,65.909,way/557379216,150000,OSM-overpass
TRM-SMT-0100,Sumatra,150 kV,150.0,150,0.051,way/557549673,150000,OSM-overpass
TRM-SMT-0101,Sumatra,150 kV,150.0,150,0.056,way/557549674,150000,OSM-overpass
TRM-SMT-0102,Sumatra,150 kV,150.0,150,0.05,way/557549675,150000,OSM-overpass
TRM-SMT-0103,Sumatra,150 kV,150.0,150,0.021,way/557549677,150000,OSM-overpass
TRM-SMT-0104,Sumatra,150 kV,150.0,150,14.725,way/557549678,150000,OSM-overpass
TRM-SMT-0105,Sumatra,150 kV,150.0,150,16.846,way/557549679,150000,OSM-overpass
TRM-SMT-0106,Sumatra,150 kV,150.0,150,15.848,way/557549680,150000,OSM-overpass
TRM-SMT-0107,Sumatra,150 kV,150.0,150,0.035,way/557708783,150000,OSM-overpass
TRM-SMT-0108,Sumatra,150 kV,150.0,150,0.032,way/557708784,150000,OSM-overpass
TRM-SMT-0109,Sumatra,150 kV,150.0,150,0.088,way/557708785,150000,OSM-overpass
TRM-SMT-0110,Sumatra,150 kV,150.0,150,0.104,way/557708786,150000,OSM-overpass
TRM-SMT-0111,Sumatra,275 kV,275.0,275,0.304,way/557708787,275000,OSM-overpass
TRM-SMT-0112,Sumatra,150 kV,150.0,150,0.095,way/557708788,150000,OSM-overpass
TRM-SMT-0113,Sumatra,150 kV,150.0,150,23.453,way/557910250,150000,OSM-overpass
TRM-SMT-0114,Sumatra,150 kV,150.0,150,41.546,way/557910252,150000,OSM-overpass
TRM-SMT-0115,Sumatra,150 kV,150.0,150,20.02,way/557910253,150000,OSM-overpass
TRM-SMT-0116,Sumatra,150 kV,150.0,150,0.793,way/558191045,150000,OSM-overpass
TRM-SMT-0117,Sumatra,150 kV,150.0,150,0.032,way/558191048,150000,OSM-overpass
TRM-SMT-0118,Batam,150 kV,150.0,150,3.003,way/607729907,150000,OSM-overpass
TRM-SMT-0119,Batam,150 kV,150.0,150,9.545,way/607819896,150000,OSM-overpass
TRM-SMT-0120,Batam,150 kV,150.0,150,12.243,way/607999000,150000,OSM-overpass
TRM-SMT-0121,Sumatra,150 kV,150.0,150,99.265,way/608448305,150000,OSM-overpass
TRM-SMT-0122,Sumatra,275 kV,275.0,275,172.375,way/608964335,275000,OSM-overpass
TRM-SMT-0123,Sumatra,150 kV,150.0,150,105.595,way/608964336,150000,OSM-overpass
TRM-SMT-0124,Sumatra,150 kV,150.0,150,7.299,way/610136442,150000,OSM-overpass
TRM-SMT-0125,Sumatra,150 kV,150.0,150,11.749,way/610136443,150000,OSM-overpass
TRM-SMT-0126,Sumatra,150 kV,150.0,150,0.077,way/610136447,150000,OSM-overpass
TRM-SMT-0127,Sumatra,150 kV,150.0,150,53.462,way/610168614,150000,OSM-overpass
TRM-SMT-0128,Sumatra,150 kV,150.0,150,54.917,way/610168623,150000,OSM-overpass
TRM-SMT-0129,Sumatra,150 kV,150.0,150,18.742,way/610168633,150000,OSM-overpass
TRM-SMT-0130,Sumatra,70 kV,70.0,70,5.757,way/610168634,70000,OSM-overpass
TRM-SMT-0131,Sumatra,150 kV,150.0,150,22.588,way/610168637,150000,OSM-overpass
TRM-SMT-0132,Batam,150 kV,150.0,150,9.629,way/610687236,150000,OSM-overpass
TRM-SMT-0133,Batam,150 kV,150.0,150,6.805,way/610693015,150000,OSM-overpass
TRM-SMT-0134,Batam,150 kV,150.0,150,5.874,way/613578666,150000,OSM-overpass
TRM-SMT-0135,Batam,150 kV,150.0,150,8.377,way/615649215,150000,OSM-overpass
TRM-SMT-0136,Sumatra,150 kV,150.0,150,32.583,way/618400565,150000,OSM-overpass
TRM-SMT-0137,Babel,150 kV,150.0,150,57.751,way/620166579,150000,OSM-overpass
TRM-SMT-0138,Babel,150 kV,150.0,150,24.335,way/620166581,150000,OSM-overpass
TRM-SMT-0139,Sumatra,150 kV,150.0,150,59.688,way/621794945,150000,OSM-overpass
TRM-SMT-0140,Sumatra,150 kV,150.0,150,20.153,way/621795450,150000,OSM-overpass
TRM-SMT-0141,Sumatra,150 kV,150.0,150,37.344,way/623182761,150000,OSM-overpass
TRM-SMT-0142,Sumatra,275 kV,275.0,275,76.521,way/623185706,275000,OSM-overpass
TRM-SMT-0143,Sumatra,150 kV,150.0,150,15.619,way/623185707,150000,OSM-overpass
TRM-SMT-0144,Sumatra,150 kV,150.0,150,56.495,way/624460454,150000,OSM-overpass
TRM-SMT-0145,Sumatra,150 kV,150.0,150,83.816,way/624460455,150000,OSM-overpass
TRM-SMT-0146,Sumatra,150 kV,150.0,150,46.015,way/625279423,150000,OSM-overpass
TRM-SMT-0147,Sumatra,150 kV,150.0,150,14.096,way/625306221,150000,OSM-overpass
TRM-SMT-0148,Sumatra,150 kV,150.0,150,19.818,way/625306222,150000,OSM-overpass
TRM-SMT-0149,Sumatra,150 kV,150.0,150,9.072,way/625320175,150000,OSM-overpass
TRM-SMT-0150,Batam,150 kV,150.0,150,17.682,way/706956291,150000,OSM-overpass
TRM-SMT-0151,Batam,150 kV,150.0,150,8.233,way/706965634,150000,OSM-overpass
TRM-SMT-0152,Batam,150 kV,150.0,150,2.866,way/706965636,150000,OSM-overpass
TRM-SMT-0153,Sumatra,150 kV,150.0,150,2.322,way/721668487,150000,OSM-overpass
TRM-SMT-0154,Sumatra,150 kV,150.0,150,9.854,way/721668488,150000,OSM-overpass
TRM-SMT-0155,Sumatra,150 kV,150.0,150,18.354,way/721683959,150000,OSM-overpass
TRM-SMT-0156,Sumatra,150 kV,150.0,150,128.727,way/721686285,150000,OSM-overpass
TRM-SMT-0157,Sumatra,150 kV,150.0,150,48.615,way/721687536,150000,OSM-overpass
TRM-SMT-0158,Sumatra,150 kV,150.0,150,0.126,way/721688044,150000,OSM-overpass
TRM-SMT-0159,Sumatra,150 kV,150.0,150,78.316,way/721690861,150000,OSM-overpass
TRM-SMT-0160,Sumatra,150 kV,150.0,150,24.307,way/721690862,150000,OSM-overpass
TRM-SMT-0161,Sumatra,150 kV,150.0,150,2.042,way/721696768,150000,OSM-overpass
TRM-SMT-0162,Sumatra,150 kV,150.0,150,0.068,way/721700114,150000,OSM-overpass
TRM-SMT-0163,Sumatra,150 kV,150.0,150,55.326,way/736587813,150000,OSM-overpass
TRM-SMT-0164,Sumatra,150 kV,150.0,150,21.489,way/736587814,150000,OSM-overpass
TRM-SMT-0165,Sumatra,275 kV,275.0,275,0.914,way/736595651,275000,OSM-overpass
TRM-SMT-0166,Sumatra,275 kV,275.0,275,81.639,way/736595652,275000,OSM-overpass
TRM-SMT-0167,Sumatra,500 kV,500.0,500,241.165,way/736595654,500000,OSM-overpass
TRM-SMT-0168,Sumatra,150 kV,150.0,150,0.923,way/736599653,150000,OSM-overpass
TRM-SMT-0169,Sumatra,150 kV,150.0,150,2.961,way/736654317,150000,OSM-overpass
TRM-SMT-0170,Sumatra,150 kV,150.0,150,2.538,way/736654318,150000,OSM-overpass
TRM-SMT-0171,Sumatra,150 kV,150.0,150,6.801,way/736654319,150000,OSM-overpass
TRM-SMT-0172,Sumatra,150 kV,150.0,150,10.383,way/736654320,150000,OSM-overpass
TRM-SMT-0173,Sumatra,150 kV,150.0,150,33.57,way/736654321,150000,OSM-overpass
TRM-SMT-0174,Sumatra,150 kV,150.0,150,7.557,way/736654324,150000,OSM-overpass
TRM-SMT-0175,Sumatra,70 kV,70.0,70,96.835,way/736942580,70000,OSM-overpass
TRM-SMT-0176,Sumatra,150 kV,150.0,150,109.545,way/736951167,150000,OSM-overpass
TRM-SMT-0177,Sumatra,275 kV,275.0,275,0.256,way/753501756,275000,OSM-overpass
TRM-SMT-0178,Sumatra,275 kV,275.0,275,36.79,way/753501757,275000,OSM-overpass
TRM-SMT-0179,Sumatra,150 kV,150.0,150,0.022,way/753522707,150000,OSM-overpass
TRM-SMT-0180,Sumatra,150 kV,150.0,150,0.052,way/753522708,150000,OSM-overpass
TRM-SMT-0181,Sumatra,150 kV,150.0,150,0.046,way/753522709,150000,OSM-overpass
TRM-SMT-0182,Sumatra,150 kV,150.0,150,74.788,way/753522710,150000,OSM-overpass
TRM-SMT-0183,Sumatra,150 kV,150.0,150,0.053,way/753522712,150000,OSM-overpass
TRM-SMT-0184,Sumatra,150 kV,150.0,150,0.053,way/753522713,150000,OSM-overpass
TRM-SMT-0185,Sumatra,150 kV,150.0,150,0.026,way/753523629,150000,OSM-overpass
TRM-SMT-0186,Sumatra,150 kV,150.0,150,1.622,way/753523630,150000,OSM-overpass
TRM-SMT-0187,Sumatra,150 kV,150.0,150,0.058,way/753526285,150000,OSM-overpass
TRM-SMT-0188,Sumatra,150 kV,150.0,150,0.032,way/753530486,150000,OSM-overpass
TRM-SMT-0189,Sumatra,150 kV,150.0,150,0.056,way/753530487,150000,OSM-overpass
TRM-SMT-0190,Sumatra,150 kV,150.0,150,0.061,way/753707429,150000,OSM-overpass
TRM-SMT-0191,Sumatra,150 kV,150.0,150,0.039,way/753707430,150000,OSM-overpass
TRM-SMT-0192,Sumatra,150 kV,150.0,150,5.629,way/753707431,150000,OSM-overpass
TRM-SMT-0193,Sumatra,150 kV,150.0,150,16.458,way/753707432,150000,OSM-overpass
TRM-SMT-0194,Sumatra,150 kV,150.0,150,0.047,way/753707433,150000,OSM-overpass
TRM-SMT-0195,Sumatra,150 kV,150.0,150,0.034,way/753707434,150000,OSM-overpass
TRM-SMT-0196,Sumatra,150 kV,150.0,150,9.968,way/753707435,150000,OSM-overpass
TRM-SMT-0197,Sumatra,150 kV,150.0,150,5.007,way/753707436,150000,OSM-overpass
TRM-SMT-0198,Sumatra,150 kV,150.0,150,0.226,way/753707437,150000,OSM-overpass
TRM-SMT-0199,Sumatra,150 kV,150.0,150,0.048,way/753707438,150000,OSM-overpass
TRM-SMT-0200,Sumatra,150 kV,150.0,150,0.058,way/753707439,150000,OSM-overpass
TRM-SMT-0201,Sumatra,150 kV,150.0,150,0.072,way/753707440,150000,OSM-overpass
TRM-SMT-0202,Sumatra,150 kV,150.0,150,0.106,way/753707441,150000,OSM-overpass
TRM-SMT-0203,Sumatra,150 kV,150.0,150,0.034,way/753707442,150000,OSM-overpass
TRM-SMT-0204,Sumatra,150 kV,150.0,150,0.291,way/753717468,150000,OSM-overpass
TRM-SMT-0205,Sumatra,150 kV,150.0,150,14.877,way/753724210,150000,OSM-overpass
TRM-SMT-0206,Sumatra,150 kV,150.0,150,0.354,way/753726996,150000,OSM-overpass
TRM-SMT-0207,Sumatra,150 kV,150.0,150,0.174,way/753726997,150000,OSM-overpass
TRM-SMT-0208,Sumatra,150 kV,150.0,150,0.18,way/753726998,150000,OSM-overpass
TRM-SMT-0209,Sumatra,150 kV,150.0,150,11.973,way/753726999,150000,OSM-overpass
TRM-SMT-0210,Sumatra,150 kV,150.0,150,12.55,way/753730868,150000,OSM-overpass
TRM-SMT-0211,Sumatra,275 kV,275.0,275,42.084,way/753733607,275000,OSM-overpass
TRM-SMT-0212,Sumatra,150 kV,150.0,150,137.314,way/753980911,150000,OSM-overpass
TRM-SMT-0213,Sumatra,150 kV,150.0,150,0.028,way/754066471,150000,OSM-overpass
TRM-SMT-0214,Sumatra,150 kV,150.0,150,0.028,way/754067692,150000,OSM-overpass
TRM-SMT-0215,Sumatra,275 kV,275.0,275,0.044,way/754073845,275000,OSM-overpass
TRM-SMT-0216,Sumatra,150 kV,150.0,150,0.065,way/754073848,150000,OSM-overpass
TRM-SMT-0217,Sumatra,275 kV,275.0,275,0.144,way/754073849,275000,OSM-overpass
TRM-SMT-0218,Sumatra,150 kV,150.0,150,0.072,way/754096391,150000,OSM-overpass
TRM-SMT-0219,Sumatra,150 kV,150.0,150,0.047,way/754096392,150000,OSM-overpass
TRM-SMT-0220,Sumatra,150 kV,150.0,150,0.073,way/754096393,150000,OSM-overpass
TRM-SMT-0221,Sumatra,150 kV,150.0,150,0.015,way/754096395,150000,OSM-overpass
TRM-SMT-0222,Sumatra,150 kV,150.0,150,0.018,way/754096396,150000,OSM-overpass
TRM-SMT-0223,Sumatra,275 kV,275.0,275,0.057,way/754096397,275000,OSM-overpass
TRM-SMT-0224,Sumatra,275 kV,275.0,275,0.038,way/754096398,275000,OSM-overpass
TRM-SMT-0225,Sumatra,275 kV,275.0,275,0.037,way/754096399,275000,OSM-overpass
TRM-SMT-0226,Sumatra,275 kV,275.0,275,0.282,way/754178668,275000,OSM-overpass
TRM-SMT-0227,Sumatra,275 kV,275.0,275,0.067,way/754178669,275000,OSM-overpass
TRM-SMT-0228,Sumatra,150 kV,150.0,150,35.798,way/754179687,150000,OSM-overpass
TRM-SMT-0229,Sumatra,150 kV,150.0,150,0.041,way/754179810,150000,OSM-overpass
TRM-SMT-0230,Sumatra,150 kV,150.0,150,0.144,way/754181527,150000,OSM-overpass
TRM-SMT-0231,Sumatra,150 kV,150.0,150,0.031,way/754402649,150000,OSM-overpass
TRM-SMT-0232,Sumatra,150 kV,150.0,150,45.122,way/754402651,150000,OSM-overpass
TRM-SMT-0233,Sumatra,150 kV,150.0,150,0.056,way/754484352,150000,OSM-overpass
TRM-SMT-0234,Sumatra,150 kV,150.0,150,0.111,way/754646173,150000,OSM-overpass
TRM-SMT-0235,Sumatra,150 kV,150.0,150,0.06,way/754646174,150000,OSM-overpass
TRM-SMT-0236,Sumatra,275 kV,275.0,275,0.046,way/754700041,275000,OSM-overpass
TRM-SMT-0237,Sumatra,150 kV,150.0,150,72.88,way/754703573,150000,OSM-overpass
TRM-SMT-0238,Sumatra,150 kV,150.0,150,0.073,way/754703574,150000,OSM-overpass
TRM-SMT-0239,Sumatra,150 kV,150.0,150,0.017,way/754970591,150000,OSM-overpass
TRM-SMT-0240,Sumatra,150 kV,150.0,150,0.05,way/754970592,150000,OSM-overpass
TRM-SMT-0241,Sumatra,150 kV,150.0,150,0.084,way/754977461,150000,OSM-overpass
TRM-SMT-0242,Sumatra,150 kV,150.0,150,0.047,way/754977462,150000,OSM-overpass
TRM-SMT-0243,Sumatra,150 kV,150.0,150,58.392,way/754977464,150000,OSM-overpass
TRM-SMT-0244,Sumatra,150 kV,150.0,150,0.037,way/754992738,150000,OSM-overpass
TRM-SMT-0245,Sumatra,150 kV,150.0,150,0.062,way/755006490,150000,OSM-overpass
TRM-SMT-0246,Sumatra,150 kV,150.0,150,0.061,way/755006491,150000,OSM-overpass
TRM-SMT-0247,Sumatra,150 kV,150.0,150,44.836,way/755006492,150000,OSM-overpass
TRM-SMT-0248,Sumatra,150 kV,150.0,150,0.069,way/755020203,150000,OSM-overpass
TRM-SMT-0249,Sumatra,150 kV,150.0,150,110.143,way/755020204,150000,OSM-overpass
TRM-SMT-0250,Sumatra,150 kV,150.0,150,35.459,way/791599871,150000,OSM-overpass
TRM-SMT-0251,Sumatra,150 kV,150.0,150,36.85,way/797095275,150000,OSM-overpass
TRM-SMT-0252,Sumatra,150 kV,150.0,150,115.105,way/879339978,150000,OSM-overpass
TRM-SMT-0253,Sumatra,150 kV,150.0,150,2.344,way/928199941,150000,OSM-overpass
TRM-SMT-0254,Sumatra,150 kV,150.0,150,25.422,way/928199942,150000,OSM-overpass
TRM-SMT-0255,Sumatra,150 kV,150.0,150,0.364,way/928220388,150000,OSM-overpass
TRM-SMT-0256,Sumatra,150 kV,150.0,150,17.231,way/928220392,150000,OSM-overpass
TRM-SMT-0257,Sumatra,150 kV,150.0,150,0.05,way/928220393,150000,OSM-overpass
TRM-SMT-0258,Sumatra,150 kV,150.0,150,0.04,way/928220394,150000,OSM-overpass
TRM-SMT-0259,Sumatra,150 kV,150.0,150,14.529,way/928220395,150000,OSM-overpass
TRM-SMT-0260,Sumatra,150 kV,150.0,150,16.084,way/928475181,150000,OSM-overpass
TRM-SMT-0261,Sumatra,150 kV,150.0,150,50.261,way/928475182,150000,OSM-overpass
TRM-SMT-0262,Sumatra,150 kV,150.0,150,43.86,way/928475184,150000,OSM-overpass
TRM-SMT-0263,Babel,150 kV,150.0,150,64.9,way/928791946,150000,OSM-overpass
TRM-SMT-0264,Batam,150 kV,150.0,150,37.972,way/928863485,150000,OSM-overpass
TRM-SMT-0265,Sumatra,275 kV,275.0,275,62.4,way/928928124,275000,OSM-overpass
TRM-SMT-0266,Sumatra,275 kV,275.0,275,32.055,way/928928125,275000,OSM-overpass
TRM-SMT-0267,Sumatra,150 kV,150.0,150,84.813,way/928928126,150000,OSM-overpass
TRM-SMT-0268,Sumatra,275 kV,275.0,275,125.754,way/928928127,275000,OSM-overpass
TRM-SMT-0269,Sumatra,275 kV,275.0,275,25.908,way/928928128,275000,OSM-overpass
TRM-SMT-0270,Sumatra,150 kV,150.0,150,0.569,way/928928129,150000,OSM-overpass
TRM-SMT-0271,Sumatra,150 kV,150.0,150,33.581,way/928928130,150000,OSM-overpass
TRM-SMT-0272,Sumatra,275 kV,275.0,275,276.866,way/928928131,275000,OSM-overpass
TRM-SMT-0273,Sumatra,150 kV,150.0,150,0.505,way/928928134,150000,OSM-overpass
TRM-SMT-0274,Sumatra,150 kV,150.0,150,63.253,way/928928135,150000,OSM-overpass
TRM-SMT-0275,Sumatra,150 kV,150.0,150,31.477,way/928928137,150000,OSM-overpass
TRM-SMT-0276,Sumatra,150 kV,150.0,150,0.408,way/928928138,150000,OSM-overpass
TRM-SMT-0277,Sumatra,150 kV,150.0,150,24.119,way/930242869,150000,OSM-overpass
TRM-SMT-0278,Sumatra,150 kV,150.0,150,2.477,way/930242872,150000,OSM-overpass
TRM-SMT-0279,Sumatra,150 kV,150.0,150,73.197,way/930242873,150000,OSM-overpass
TRM-SMT-0280,Sumatra,150 kV,150.0,150,34.059,way/930242876,150000,OSM-overpass
TRM-SMT-0281,Sumatra,150 kV,150.0,150,1.477,way/930242877,150000,OSM-overpass
TRM-SMT-0282,Sumatra,150 kV,150.0,150,16.908,way/930242878,150000,OSM-overpass
TRM-SMT-0283,Sumatra,150 kV,150.0,150,24.626,way/930242880,150000,OSM-overpass
TRM-SMT-0284,Sumatra,150 kV,150.0,150,11.197,way/930242881,150000,OSM-overpass
TRM-SMT-0285,Sumatra,150 kV,150.0,150,0.357,way/930242882,150000,OSM-overpass
TRM-SMT-0286,Sumatra,150 kV,150.0,150,0.323,way/930242883,150000,OSM-overpass
TRM-SMT-0287,Sumatra,150 kV,150.0,150,92.915,way/930242885,150000,OSM-overpass
TRM-SMT-0288,Sumatra,150 kV,150.0,150,21.712,way/930242890,150000,OSM-overpass
TRM-SMT-0289,Sumatra,150 kV,150.0,150,0.846,way/930242892,150000,OSM-overpass
TRM-SMT-0290,Sumatra,150 kV,150.0,150,41.83,way/930242893,150000,OSM-overpass
TRM-SMT-0291,Sumatra,150 kV,150.0,150,14.87,way/930242895,150000,OSM-overpass
TRM-SMT-0292,Sumatra,150 kV,150.0,150,37.012,way/930242897,150000,OSM-overpass
TRM-SMT-0293,Sumatra,150 kV,150.0,150,12.284,way/930242900,150000,OSM-overpass
TRM-SMT-0294,Sumatra,150 kV,150.0,150,5.495,way/930242901,150000,OSM-overpass
TRM-SMT-0295,Sumatra,150 kV,150.0,150,21.905,way/930242902,150000,OSM-overpass
TRM-SMT-0296,Sumatra,150 kV,150.0,150,5.328,way/930242903,150000,OSM-overpass
TRM-SMT-0297,Sumatra,150 kV,150.0,150,27.498,way/930242904,150000,OSM-overpass
TRM-SMT-0298,Sumatra,150 kV,150.0,150,75.061,way/930242905,150000,OSM-overpass
TRM-SMT-0299,Sumatra,150 kV,150.0,150,53.714,way/930719088,150000,OSM-overpass
TRM-SMT-0300,Sumatra,150 kV,150.0,150,22.055,way/930719089,150000,OSM-overpass
TRM-SMT-0301,Sumatra,150 kV,150.0,150,8.381,way/930719091,150000,OSM-overpass
TRM-SMT-0302,Sumatra,150 kV,150.0,150,134.448,way/930719093,150000,OSM-overpass
TRM-SMT-0303,Sumatra,275 kV,275.0,275,52.73,way/930719094,275000,OSM-overpass
TRM-SMT-0304,Sumatra,275 kV,275.0,275,78.18,way/930719095,275000,OSM-overpass
TRM-SMT-0305,Sumatra,150 kV,150.0,150,0.036,way/931931109,150000,OSM-overpass
TRM-SMT-0306,Sumatra,150 kV,150.0,150,3.603,way/931931111,150000,OSM-overpass
TRM-SMT-0307,Sumatra,150 kV,150.0,150,0.046,way/931931115,150000,OSM-overpass
TRM-SMT-0308,Sumatra,150 kV,150.0,150,64.412,way/931931120,150000,OSM-overpass
TRM-SMT-0309,Sumatra,150 kV,150.0,150,60.367,way/931931122,150000,OSM-overpass
TRM-SMT-0310,Sumatra,150 kV,150.0,150,0.871,way/931931131,150000,OSM-overpass
TRM-SMT-0311,Sumatra,150 kV,150.0,150,19.178,way/931931132,150000,OSM-overpass
TRM-SMT-0312,Sumatra,150 kV,150.0,150,16.678,way/931931136,150000,OSM-overpass
TRM-SMT-0313,Sumatra,150 kV,150.0,150,18.259,way/931931137,150000,OSM-overpass
TRM-SMT-0314,Sumatra,150 kV,150.0,150,0.111,way/931931139,150000,OSM-overpass
TRM-SMT-0315,Sumatra,150 kV,150.0,150,9.167,way/931931140,150000,OSM-overpass
TRM-SMT-0316,Sumatra,150 kV,150.0,150,42.22,way/931931141,150000,OSM-overpass
TRM-SMT-0317,Sumatra,150 kV,150.0,150,39.167,way/931931142,150000,OSM-overpass
TRM-SMT-0318,Sumatra,150 kV,150.0,150,26.822,way/931931143,150000,OSM-overpass
TRM-SMT-0319,Sumatra,150 kV,150.0,150,1.345,way/931931144,150000,OSM-overpass
TRM-SMT-0320,Sumatra,150 kV,150.0,150,1.413,way/931931145,150000,OSM-overpass
TRM-SMT-0321,Sumatra,150 kV,150.0,150,91.684,way/931931146,150000,OSM-overpass
TRM-SMT-0322,Sumatra,150 kV,150.0,150,15.07,way/931931147,150000,OSM-overpass
TRM-SMT-0323,Sumatra,150 kV,150.0,150,31.97,way/931931148,150000,OSM-overpass
TRM-SMT-0324,Sumatra,150 kV,150.0,150,57.578,way/931931149,150000,OSM-overpass
TRM-SMT-0325,Sumatra,150 kV,150.0,150,34.312,way/931931150,150000,OSM-overpass
TRM-SMT-0326,Sumatra,150 kV,150.0,150,65.949,way/931931151,150000,OSM-overpass
TRM-SMT-0327,Sumatra,150 kV,150.0,150,33.676,way/931931154,150000,OSM-overpass
TRM-SMT-0328,Sumatra,150 kV,150.0,150,47.399,way/931931155,150000,OSM-overpass
TRM-SMT-0329,Sumatra,150 kV,150.0,150,38.98,way/931931156,150000,OSM-overpass
TRM-SMT-0330,Sumatra,150 kV,150.0,150,38.554,way/931931157,150000,OSM-overpass
TRM-SMT-0331,Sumatra,150 kV,150.0,150,11.932,way/931931160,150000,OSM-overpass
TRM-SMT-0332,Sumatra,150 kV,150.0,150,11.945,way/931931161,150000,OSM-overpass
TRM-SMT-0333,Sumatra,150 kV,150.0,150,5.904,way/938146450,150000,OSM-overpass
TRM-SMT-0334,Sumatra,150 kV,150.0,150,35.307,way/938146452,150000,OSM-overpass
TRM-SMT-0335,Sumatra,275 kV,275.0,275,27.001,way/938146453,275000,OSM-overpass
TRM-SMT-0336,Sumatra,150 kV,150.0,150,3.493,way/938146461,150000,OSM-overpass
TRM-SMT-0337,Sumatra,150 kV,150.0,150,4.046,way/938146462,150000,OSM-overpass
TRM-SMT-0338,Sumatra,150 kV,150.0,150,40.964,way/939125622,150000,OSM-overpass
TRM-SMT-0339,Sumatra,150 kV,150.0,150,0.206,way/939125623,150000,OSM-overpass
TRM-SMT-0340,Sumatra,150 kV,150.0,150,0.228,way/939125624,150000,OSM-overpass
TRM-SMT-0341,Sumatra,150 kV,150.0,150,1.656,way/939125626,150000,OSM-overpass
TRM-SMT-0342,Sumatra,150 kV,150.0,150,0.122,way/939125627,150000,OSM-overpass
TRM-SMT-0343,Sumatra,150 kV,150.0,150,47.903,way/939125631,150000,OSM-overpass
TRM-SMT-0344,Sumatra,150 kV,150.0,150,29.838,way/939125632,150000,OSM-overpass
TRM-SMT-0345,Sumatra,150 kV,150.0,150,55.873,way/939125635,150000,OSM-overpass
TRM-SMT-0346,Sumatra,150 kV,150.0,150,81.379,way/939542510,150000,OSM-overpass
TRM-SMT-0347,Sumatra,150 kV,150.0,150,51.856,way/939542512,150000,OSM-overpass
TRM-SMT-0348,Sumatra,150 kV,150.0,150,111.693,way/939542517,150000,OSM-overpass
TRM-SMT-0349,Sumatra,150 kV,150.0,150,72.164,way/939542522,150000,OSM-overpass
TRM-SMT-0350,Sumatra,275 kV,275.0,275,64.473,way/939542527,275000,OSM-overpass
TRM-SMT-0351,Sumatra,70 kV,70.0,70,7.148,way/940047520,70000,OSM-overpass
TRM-SMT-0352,Sumatra,70 kV,70.0,70,4.824,way/940047522,70000,OSM-overpass
TRM-SMT-0353,Sumatra,70 kV,70.0,70,6.419,way/940047524,70000,OSM-overpass
TRM-SMT-0354,Sumatra,70 kV,70.0,70,3.497,way/940047525,70000,OSM-overpass
TRM-SMT-0355,Sumatra,70 kV,70.0,70,6.018,way/940047528,70000,OSM-overpass
TRM-SMT-0356,Sumatra,70 kV,70.0,70,7.304,way/940047529,70000,OSM-overpass
TRM-SMT-0357,Sumatra,150 kV,150.0,150,0.365,way/940047531,150000,OSM-overpass
TRM-SMT-0358,Sumatra,70 kV,70.0,70,10.133,way/940047533,70000,OSM-overpass
TRM-SMT-0359,Sumatra,70 kV,70.0,70,3.622,way/940047534,70000,OSM-overpass
TRM-SMT-0360,Sumatra,70 kV,70.0,70,3.62,way/940047535,70000,OSM-overpass
TRM-SMT-0361,Sumatra,70 kV,70.0,70,12.408,way/940047536,70000,OSM-overpass
TRM-SMT-0362,Sumatra,70 kV,70.0,70,0.319,way/940047538,70000,OSM-overpass
TRM-SMT-0363,Sumatra,150 kV,150.0,150,0.029,way/940047540,150000,OSM-overpass
TRM-SMT-0364,Sumatra,150 kV,150.0,150,4.898,way/940299190,150000,OSM-overpass
TRM-SMT-0365,Sumatra,150 kV,150.0,150,51.244,way/940299191,150000,OSM-overpass
TRM-SMT-0366,Sumatra,70 kV,70.0,70,0.031,way/940597645,70000,OSM-overpass
TRM-SMT-0367,Sumatra,275 kV,275.0,275,67.799,way/942266358,275000,OSM-overpass
TRM-SMT-0368,Sumatra,275 kV,275.0,275,0.862,way/943539372,275000,OSM-overpass
TRM-SMT-0369,Sumatra,150 kV,150.0,150,38.961,way/946191120,150000,OSM-overpass
TRM-SMT-0370,Sumatra,150 kV,150.0,150,7.947,way/948049055,150000,OSM-overpass
TRM-SMT-0371,Batam,150 kV,150.0,150,0.059,way/948167524,150000,OSM-overpass
TRM-SMT-0372,Batam,150 kV,150.0,150,0.055,way/948167525,150000,OSM-overpass
TRM-SMT-0373,Batam,150 kV,150.0,150,0.055,way/948167526,150000,OSM-overpass
TRM-SMT-0374,Batam,150 kV,150.0,150,0.054,way/948167527,150000,OSM-overpass
TRM-SMT-0375,Batam,150 kV,150.0,150,0.026,way/948167528,150000,OSM-overpass
TRM-SMT-0376,Batam,150 kV,150.0,150,0.027,way/948167529,150000,OSM-overpass
TRM-SMT-0377,Batam,150 kV,150.0,150,8.682,way/948167530,150000,OSM-overpass
TRM-SMT-0378,Batam,150 kV,150.0,150,16.09,way/948167531,150000,OSM-overpass
TRM-SMT-0379,Batam,150 kV,150.0,150,0.025,way/948167533,150000,OSM-overpass
TRM-SMT-0380,Batam,150 kV,150.0,150,0.025,way/948167534,150000,OSM-overpass
TRM-SMT-0381,Batam,150 kV,150.0,150,5.469,way/948167535,150000,OSM-overpass
TRM-SMT-0382,Babel,70 kV,70.0,70,69.918,way/953023898,70000,OSM-overpass
TRM-SMT-0383,Babel,70 kV,70.0,70,20.593,way/953023899,70000,OSM-overpass
TRM-SMT-0384,Sumatra,70 kV,70.0,70,70.499,way/956594060,70000,OSM-overpass
TRM-SMT-0385,Sumatra,70 kV,70.0,70,0.49,way/956594061,70000,OSM-overpass
TRM-SMT-0386,Sumatra,70 kV,70.0,70,0.481,way/956594062,70000,OSM-overpass
TRM-SMT-0387,Sumatra,150 kV,150.0,150,71.206,way/956594065,150000,OSM-overpass
TRM-SMT-0388,Sumatra,70 kV,70.0,70,54.263,way/956594066,70000,OSM-overpass
TRM-SMT-0389,Sumatra,150 kV,150.0,150,21.533,way/957505068,150000,OSM-overpass
TRM-SMT-0390,Babel,150 kV,150.0,150,71.364,way/957568123,150000,OSM-overpass
TRM-SMT-0391,Sumatra,150 kV,150.0,150,14.259,way/957813233,150000,OSM-overpass
TRM-SMT-0392,Sumatra,150 kV,150.0,150,7.058,way/958109272,150000,OSM-overpass
TRM-SMT-0393,Sumatra,150 kV,150.0,150,0.024,way/958172153,150000,OSM-overpass
TRM-SMT-0394,Sumatra,150 kV,150.0,150,0.089,way/958172157,150000,OSM-overpass
TRM-SMT-0395,Sumatra,150 kV,150.0,150,16.094,way/958172160,150000,OSM-overpass
TRM-SMT-0396,Sumatra,275 kV,275.0,275,89.59,way/1000064665,275000,OSM-overpass
TRM-SMT-0397,Sumatra,150 kV,150.0,150,14.906,way/1000065413,150000,OSM-overpass
TRM-SMT-0398,Sumatra,150 kV,150.0,150,0.115,way/1000065414,150000,OSM-overpass
TRM-SMT-0399,Sumatra,150 kV,150.0,150,2.029,way/1004244348,150000,OSM-overpass
TRM-SMT-0400,Sumatra,150 kV,150.0,150,0.251,way/1004244349,150000,OSM-overpass
TRM-SMT-0401,Sumatra,150 kV,150.0,150,75.594,way/1065441845,150000,OSM-overpass
TRM-SMT-0402,Sumatra,150 kV,150.0,150,1.991,way/1091889134,150000,OSM-overpass
TRM-SMT-0403,Sumatra,150 kV,150.0,150,2.843,way/1091889135,150000,OSM-overpass
TRM-SMT-0404,Sumatra,150 kV,150.0,150,26.117,way/1097782400,150000,OSM-overpass
TRM-SMT-0405,Sumatra,275 kV,275.0,275,0.315,way/1098331691,275000,OSM-overpass
TRM-SMT-0406,Sumatra,500 kV,500.0,500,0.475,way/1098331692,500000,OSM-overpass
TRM-SMT-0407,Sumatra,150 kV,150.0,150,0.08,way/1119359359,150000,OSM-overpass
TRM-SMT-0408,Sumatra,150 kV,150.0,150,20.564,way/1119359361,150000,OSM-overpass
TRM-SMT-0409,Sumatra,150 kV,150.0,150,130.794,way/1157248194,150000,OSM-overpass
TRM-SMT-0410,Sumatra,150 kV,150.0,150,0.957,way/1180983530,150000,OSM-overpass
TRM-SMT-0411,Sumatra,275 kV,275.0,275,1.129,way/1180983531,275000,OSM-overpass
TRM-SMT-0412,Sumatra,275 kV,275.0,275,0.039,way/1180983532,275000,OSM-overpass
TRM-SMT-0413,Sumatra,275 kV,275.0,275,0.098,way/1180983533,275000,OSM-overpass
TRM-SMT-0414,Sumatra,275 kV,275.0,275,0.041,way/1180983534,275000,OSM-overpass
TRM-SMT-0415,Sumatra,275 kV,275.0,275,0.096,way/1180983535,275000,OSM-overpass
TRM-SMT-0416,Sumatra,500 kV,500.0,500,158.625,way/1186182644,500000,OSM-overpass
TRM-SMT-0417,Sumatra,500 kV,500.0,500,0.328,way/1186182645,500000,OSM-overpass
TRM-SMT-0418,Sumatra,500 kV,500.0,500,0.361,way/1186182646,500000,OSM-overpass
TRM-SMT-0419,Sumatra,500 kV,500.0,500,0.384,way/1186182647,500000,OSM-overpass
TRM-SMT-0420,Sumatra,500 kV,500.0,500,0.321,way/1186182649,500000,OSM-overpass
TRM-SMT-0421,Sumatra,150 kV,150.0,150,0.019,way/1190856215,150000,OSM-overpass
TRM-SMT-0422,Sumatra,150 kV,150.0,150,0.025,way/1190856216,150000,OSM-overpass
TRM-SMT-0423,Sumatra,150 kV,150.0,150,37.847,way/1190856218,150000,OSM-overpass
TRM-SMT-0424,Sumatra,150 kV,150.0,150,0.065,way/1190867828,150000,OSM-overpass
TRM-SMT-0425,Sumatra,150 kV,150.0,150,0.064,way/1190867829,150000,OSM-overpass
TRM-SMT-0426,Sumatra,150 kV,150.0,150,0.073,way/1190867830,150000,OSM-overpass
TRM-SMT-0427,Sumatra,150 kV,150.0,150,0.057,way/1190867832,150000,OSM-overpass
TRM-SMT-0428,Sumatra,150 kV,150.0,150,0.059,way/1190867833,150000,OSM-overpass
TRM-SMT-0429,Sumatra,150 kV,150.0,150,0.047,way/1190867834,150000,OSM-overpass
TRM-SMT-0430,Sumatra,150 kV,150.0,150,0.046,way/1190867835,150000,OSM-overpass
TRM-SMT-0431,Sumatra,150 kV,150.0,150,0.033,way/1190867836,150000,OSM-overpass
TRM-SMT-0432,Sumatra,150 kV,150.0,150,5.925,way/1190867837,150000,OSM-overpass
TRM-SMT-0433,Sumatra,150 kV,150.0,150,0.052,way/1190867838,150000,OSM-overpass
TRM-SMT-0434,Sumatra,150 kV,150.0,150,0.051,way/1190867840,150000,OSM-overpass
TRM-SMT-0435,Sumatra,150 kV,150.0,150,0.233,way/1190867841,150000,OSM-overpass
TRM-SMT-0436,Sumatra,150 kV,150.0,150,0.065,way/1190867842,150000,OSM-overpass
TRM-SMT-0437,Sumatra,150 kV,150.0,150,0.066,way/1190867843,150000,OSM-overpass
TRM-SMT-0438,Sumatra,150 kV,150.0,150,36.753,way/1190871765,150000,OSM-overpass
TRM-SMT-0439,Sumatra,150 kV,150.0,150,0.083,way/1190871766,150000,OSM-overpass
TRM-SMT-0440,Sumatra,150 kV,150.0,150,0.083,way/1190871767,150000,OSM-overpass
TRM-SMT-0441,Sumatra,150 kV,150.0,150,0.039,way/1190871771,150000,OSM-overpass
TRM-SMT-0442,Sumatra,150 kV,150.0,150,0.044,way/1190871772,150000,OSM-overpass
TRM-SMT-0443,Sumatra,150 kV,150.0,150,0.035,way/1191242847,150000,OSM-overpass
TRM-SMT-0444,Sumatra,150 kV,150.0,150,0.033,way/1191242848,150000,OSM-overpass
TRM-SMT-0445,Sumatra,150 kV,150.0,150,0.038,way/1191242849,150000,OSM-overpass
TRM-SMT-0446,Sumatra,150 kV,150.0,150,0.037,way/1191242850,150000,OSM-overpass
TRM-SMT-0447,Sumatra,150 kV,150.0,150,52.711,way/1191242852,150000,OSM-overpass
TRM-SMT-0448,Sumatra,150 kV,150.0,150,0.038,way/1191243019,150000,OSM-overpass
TRM-SMT-0449,Sumatra,150 kV,150.0,150,0.039,way/1191243020,150000,OSM-overpass
TRM-SMT-0450,Sumatra,150 kV,150.0,150,60.33,way/1191243021,150000,OSM-overpass
TRM-SMT-0451,Sumatra,150 kV,150.0,150,0.112,way/1191246466,150000,OSM-overpass
TRM-SMT-0452,Sumatra,150 kV,150.0,150,7.819,way/1204926004,150000,OSM-overpass
TRM-SMT-0453,Sumatra,150 kV,150.0,150,0.036,way/1223005197,150000,OSM-overpass
TRM-SMT-0454,Sumatra,150 kV,150.0,150,0.042,way/1223005198,150000,OSM-overpass
TRM-SMT-0455,Sumatra,150 kV,150.0,150,0.041,way/1223005199,150000,OSM-overpass
TRM-SMT-0456,Sumatra,150 kV,150.0,150,0.035,way/1223005200,150000,OSM-overpass
TRM-SMT-0457,Sumatra,150 kV,150.0,150,0.26,way/1223005211,150000,OSM-overpass
TRM-SMT-0458,Sumatra,150 kV,150.0,150,0.083,way/1223005618,150000,OSM-overpass
TRM-SMT-0459,Sumatra,150 kV,150.0,150,0.085,way/1223005619,150000,OSM-overpass
TRM-SMT-0460,Sumatra,150 kV,150.0,150,0.052,way/1223005620,150000,OSM-overpass
TRM-SMT-0461,Sumatra,150 kV,150.0,150,0.055,way/1223005621,150000,OSM-overpass
TRM-SMT-0462,Sumatra,150 kV,150.0,150,7.281,way/1223005622,150000,OSM-overpass
TRM-SMT-0463,Sumatra,275 kV,275.0,275,0.044,way/1228701029,275000,OSM-overpass
TRM-SMT-0464,Sumatra,275 kV,275.0,275,0.045,way/1228701030,275000,OSM-overpass
TRM-SMT-0465,Sumatra,150 kV,150.0,150,0.094,way/1228701031,150000,OSM-overpass
TRM-SMT-0466,Sumatra,150 kV,150.0,150,54.451,way/1228701032,150000,OSM-overpass
TRM-SMT-0467,Sumatra,150 kV,150.0,150,0.07,way/1228701033,150000,OSM-overpass
TRM-SMT-0468,Sumatra,150 kV,150.0,150,0.066,way/1228701034,150000,OSM-overpass
TRM-SMT-0469,Sumatra,275 kV,275.0,275,0.052,way/1237841473,275000,OSM-overpass
TRM-SMT-0470,Sumatra,275 kV,275.0,275,0.055,way/1237841474,275000,OSM-overpass
TRM-SMT-0471,Sumatra,150 kV,150.0,150,0.722,way/1237841475,150000,OSM-overpass
TRM-SMT-0472,Sumatra,150 kV,150.0,150,0.175,way/1237841476,150000,OSM-overpass
TRM-SMT-0473,Sumatra,150 kV,150.0,150,0.166,way/1237841477,150000,OSM-overpass
TRM-SMT-0474,Sumatra,150 kV,150.0,150,0.175,way/1237841478,150000,OSM-overpass
TRM-SMT-0475,Sumatra,150 kV,150.0,150,0.051,way/1237841479,150000,OSM-overpass
TRM-SMT-0476,Sumatra,150 kV,150.0,150,0.053,way/1237841480,150000,OSM-overpass
TRM-SMT-0477,Sumatra,150 kV,150.0,150,0.051,way/1237841481,150000,OSM-overpass
TRM-SMT-0478,Sumatra,150 kV,150.0,150,0.053,way/1237841482,150000,OSM-overpass
TRM-SMT-0479,Sumatra,500 kV,500.0,500,0.463,way/1237841483,500000,OSM-overpass
TRM-SMT-0480,Sumatra,500 kV,500.0,500,0.435,way/1237841484,500000,OSM-overpass
TRM-SMT-0481,Babel,150 kV,150.0,150,0.026,way/1245297850,150000,OSM-overpass
TRM-SMT-0482,Babel,150 kV,150.0,150,0.024,way/1245297851,150000,OSM-overpass
TRM-SMT-0483,Babel,150 kV,150.0,150,0.025,way/1245297852,150000,OSM-overpass
TRM-SMT-0484,Babel,150 kV,150.0,150,0.023,way/1245297853,150000,OSM-overpass
TRM-SMT-0485,Babel,150 kV,150.0,150,0.077,way/1245297854,150000,OSM-overpass
TRM-SMT-0486,Babel,150 kV,150.0,150,0.079,way/1245297855,150000,OSM-overpass
TRM-SMT-0487,Babel,150 kV,150.0,150,4.956,way/1245297856,150000,OSM-overpass
TRM-SMT-0488,Babel,150 kV,150.0,150,0.025,way/1245297857,150000,OSM-overpass
TRM-SMT-0489,Babel,150 kV,150.0,150,0.021,way/1245297858,150000,OSM-overpass
TRM-SMT-0490,Babel,150 kV,150.0,150,0.051,way/1245297859,150000,OSM-overpass
TRM-SMT-0491,Babel,150 kV,150.0,150,0.05,way/1245297860,150000,OSM-overpass
TRM-SMT-0492,Sumatra,275 kV,275.0,275,0.058,way/1271960980,275000,OSM-overpass
TRM-SMT-0493,Sumatra,275 kV,275.0,275,0.056,way/1271960981,275000,OSM-overpass
TRM-SMT-0494,Sumatra,275 kV,275.0,275,0.062,way/1271960982,275000,OSM-overpass
TRM-SMT-0495,Sumatra,275 kV,275.0,275,0.071,way/1271960983,275000,OSM-overpass
TRM-SMT-0496,Sumatra,275 kV,275.0,275,0.051,way/1271960984,275000,OSM-overpass
TRM-SMT-0497,Sumatra,275 kV,275.0,275,0.053,way/1271960985,275000,OSM-overpass
TRM-SMT-0498,Sumatra,275 kV,275.0,275,0.063,way/1271972270,275000,OSM-overpass
TRM-SMT-0499,Sumatra,275 kV,275.0,275,0.058,way/1271972271,275000,OSM-overpass
TRM-SMT-0500,Sumatra,275 kV,275.0,275,0.068,way/1271972272,275000,OSM-overpass
TRM-SMT-0501,Sumatra,275 kV,275.0,275,0.066,way/1271972273,275000,OSM-overpass
TRM-SMT-0502,Sumatra,275 kV,275.0,275,0.195,way/1271972274,275000,OSM-overpass
TRM-SMT-0503,Sumatra,275 kV,275.0,275,0.042,way/1271972276,275000,OSM-overpass
TRM-SMT-0504,Sumatra,275 kV,275.0,275,0.045,way/1271972278,275000,OSM-overpass
TRM-SMT-0505,Sumatra,275 kV,275.0,275,0.092,way/1271972279,275000,OSM-overpass
TRM-SMT-0506,Sumatra,275 kV,275.0,275,0.093,way/1271972280,275000,OSM-overpass
TRM-SMT-0507,Sumatra,275 kV,275.0,275,0.077,way/1271972281,275000,OSM-overpass
TRM-SMT-0508,Sumatra,150 kV,150.0,150,0.064,way/1271972282,150000,OSM-overpass
TRM-SMT-0509,Sumatra,275 kV,275.0,275,0.074,way/1271972283,275000,OSM-overpass
TRM-SMT-0510,Sumatra,150 kV,150.0,150,21.374,way/1274580983,150000,OSM-overpass
TRM-SMT-0511,Sumatra,150 kV,150.0,150,14.205,way/1274583180,150000,OSM-overpass
TRM-SMT-0512,Sumatra,150 kV,150.0,150,0.029,way/1274583181,150000,OSM-overpass
TRM-SMT-0513,Sumatra,150 kV,150.0,150,0.028,way/1274583182,150000,OSM-overpass
TRM-SMT-0514,Sumatra,150 kV,150.0,150,0.04,way/1274583184,150000,OSM-overpass
TRM-SMT-0515,Sumatra,150 kV,150.0,150,0.039,way/1274583185,150000,OSM-overpass
TRM-SMT-0516,Sumatra,150 kV,150.0,150,0.945,way/1274588606,150000,OSM-overpass
TRM-SMT-0517,Sumatra,150 kV,150.0,150,6.777,way/1291000539,150000,OSM-overpass
TRM-SMT-0518,Sumatra,150 kV,150.0,150,0.043,way/1304188436,150000,OSM-overpass
TRM-SMT-0519,Sumatra,150 kV,150.0,150,0.044,way/1304188437,150000,OSM-overpass
TRM-SMT-0520,Sumatra,150 kV,150.0,150,0.039,way/1304188438,150000,OSM-overpass
TRM-SMT-0521,Sumatra,150 kV,150.0,150,0.041,way/1304188439,150000,OSM-overpass
TRM-SMT-0522,Sumatra,150 kV,150.0,150,0.042,way/1304188440,150000,OSM-overpass
TRM-SMT-0523,Sumatra,150 kV,150.0,150,0.038,way/1304188441,150000,OSM-overpass
TRM-SMT-0524,Sumatra,150 kV,150.0,150,0.045,way/1304188442,150000,OSM-overpass
TRM-SMT-0525,Sumatra,150 kV,150.0,150,0.064,way/1304188443,150000,OSM-overpass
TRM-SMT-0526,Sumatra,150 kV,150.0,150,0.044,way/1304188444,150000,OSM-overpass
TRM-SMT-0527,Sumatra,150 kV,150.0,150,0.064,way/1304188445,150000,OSM-overpass
TRM-SMT-0528,Sumatra,150 kV,150.0,150,0.304,way/1304191041,150000,OSM-overpass
TRM-SMT-0529,Sumatra,150 kV,150.0,150,0.314,way/1304191042,150000,OSM-overpass
TRM-SMT-0530,Sumatra,150 kV,150.0,150,1.282,way/1304191043,150000,OSM-overpass
TRM-SMT-0531,Sumatra,150 kV,150.0,150,0.635,way/1304191044,150000,OSM-overpass
TRM-SMT-0532,Sumatra,150 kV,150.0,150,0.08,way/1311638729,150000,OSM-overpass
TRM-SMT-0533,Sumatra,150 kV,150.0,150,0.072,way/1311638730,150000,OSM-overpass
TRM-SMT-0534,Sumatra,150 kV,150.0,150,0.072,way/1311638731,150000,OSM-overpass
TRM-SMT-0535,Sumatra,150 kV,150.0,150,0.072,way/1311638732,150000,OSM-overpass
TRM-SMT-0536,Sumatra,150 kV,150.0,150,0.037,way/1311677127,150000,OSM-overpass
TRM-SMT-0537,Sumatra,150 kV,150.0,150,0.038,way/1311677128,150000,OSM-overpass
TRM-SMT-0538,Sumatra,150 kV,150.0,150,0.371,way/1311677129,150000,OSM-overpass
TRM-SMT-0539,Sumatra,150 kV,150.0,150,0.022,way/1311677130,150000,OSM-overpass
TRM-SMT-0540,Sumatra,150 kV,150.0,150,0.023,way/1311677131,150000,OSM-overpass
TRM-SMT-0541,Sumatra,150 kV,150.0,150,0.027,way/1311677132,150000,OSM-overpass
TRM-SMT-0542,Sumatra,150 kV,150.0,150,0.027,way/1311677133,150000,OSM-overpass
TRM-SMT-0543,Sumatra,150 kV,150.0,150,19.325,way/1311677135,150000,OSM-overpass
TRM-SMT-0544,Sumatra,150 kV,150.0,150,0.198,way/1311677138,150000,OSM-overpass
TRM-SMT-0545,Sumatra,150 kV,150.0,150,0.034,way/1311677139,150000,OSM-overpass
TRM-SMT-0546,Sumatra,150 kV,150.0,150,0.032,way/1311677140,150000,OSM-overpass
TRM-SMT-0547,Sumatra,150 kV,150.0,150,0.035,way/1311677141,150000,OSM-overpass
TRM-SMT-0548,Sumatra,150 kV,150.0,150,0.035,way/1311677142,150000,OSM-overpass
TRM-SMT-0549,Sumatra,150 kV,150.0,150,0.038,way/1312275863,150000,OSM-overpass
TRM-SMT-0550,Sumatra,150 kV,150.0,150,0.041,way/1312275864,150000,OSM-overpass
TRM-SMT-0551,Sumatra,150 kV,150.0,150,0.057,way/1312275865,150000,OSM-overpass
TRM-SMT-0552,Sumatra,150 kV,150.0,150,0.055,way/1312275866,150000,OSM-overpass
TRM-SMT-0553,Sumatra,150 kV,150.0,150,0.065,way/1312275867,150000,OSM-overpass
TRM-SMT-0554,Sumatra,150 kV,150.0,150,0.066,way/1312275868,150000,OSM-overpass
TRM-SMT-0555,Sumatra,150 kV,150.0,150,0.052,way/1312275869,150000,OSM-overpass
TRM-SMT-0556,Sumatra,150 kV,150.0,150,0.05,way/1312275870,150000,OSM-overpass
TRM-SMT-0557,Sumatra,150 kV,150.0,150,0.142,way/1312287174,150000,OSM-overpass
TRM-SMT-0558,Sumatra,150 kV,150.0,150,71.644,way/1312287175,150000,OSM-overpass
TRM-SMT-0559,Sumatra,150 kV,150.0,150,0.045,way/1312287176,150000,OSM-overpass
TRM-SMT-0560,Sumatra,150 kV,150.0,150,0.044,way/1312287179,150000,OSM-overpass
TRM-SMT-0561,Sumatra,150 kV,150.0,150,0.13,way/1312287181,150000,OSM-overpass
TRM-SMT-0562,Sumatra,150 kV,150.0,150,28.723,way/1312287182,150000,OSM-overpass
TRM-SMT-0563,Sumatra,150 kV,150.0,150,0.076,way/1312287183,150000,OSM-overpass
TRM-SMT-0564,Sumatra,150 kV,150.0,150,0.074,way/1312287184,150000,OSM-overpass
TRM-SMT-0565,Sumatra,275 kV,275.0,275,0.094,way/1312287185,275000,OSM-overpass
TRM-SMT-0566,Sumatra,275 kV,275.0,275,0.101,way/1312287186,275000,OSM-overpass
TRM-SMT-0567,Sumatra,275 kV,275.0,275,1.931,way/1312287187,275000,OSM-overpass
TRM-SMT-0568,Sumatra,275 kV,275.0,275,1.894,way/1312287188,275000,OSM-overpass
TRM-SMT-0569,Sumatra,275 kV,275.0,275,0.098,way/1312287189,275000,OSM-overpass
TRM-SMT-0570,Sumatra,275 kV,275.0,275,0.103,way/1312287190,275000,OSM-overpass
TRM-SMT-0571,Sumatra,150 kV,150.0,150,52.278,way/1312349203,150000,OSM-overpass
TRM-SMT-0572,Sumatra,150 kV,150.0,150,0.059,way/1312412936,150000,OSM-overpass
TRM-SMT-0573,Sumatra,150 kV,150.0,150,0.093,way/1312412937,150000,OSM-overpass
TRM-SMT-0574,Sumatra,150 kV,150.0,150,0.054,way/1312412938,150000,OSM-overpass
TRM-SMT-0575,Sumatra,150 kV,150.0,150,0.096,way/1312412939,150000,OSM-overpass
TRM-SMT-0576,Sumatra,150 kV,150.0,150,0.055,way/1312412940,150000,OSM-overpass
TRM-SMT-0577,Sumatra,150 kV,150.0,150,0.054,way/1312412941,150000,OSM-overpass
TRM-SMT-0578,Sumatra,150 kV,150.0,150,0.058,way/1312412942,150000,OSM-overpass
TRM-SMT-0579,Sumatra,150 kV,150.0,150,0.058,way/1312412943,150000,OSM-overpass
TRM-SMT-0580,Sumatra,150 kV,150.0,150,3.361,way/1312412944,150000,OSM-overpass
TRM-SMT-0581,Sumatra,150 kV,150.0,150,0.026,way/1312413167,150000,OSM-overpass
TRM-SMT-0582,Sumatra,150 kV,150.0,150,0.025,way/1312413168,150000,OSM-overpass
TRM-SMT-0583,Sumatra,150 kV,150.0,150,0.035,way/1314000756,150000,OSM-overpass
TRM-SMT-0584,Sumatra,150 kV,150.0,150,0.033,way/1314000757,150000,OSM-overpass
TRM-SMT-0585,Sumatra,150 kV,150.0,150,0.088,way/1314000758,150000,OSM-overpass
TRM-SMT-0586,Sumatra,150 kV,150.0,150,0.029,way/1314000759,150000,OSM-overpass
TRM-SMT-0587,Sumatra,150 kV,150.0,150,0.079,way/1314000760,150000,OSM-overpass
TRM-SMT-0588,Sumatra,150 kV,150.0,150,0.025,way/1314000761,150000,OSM-overpass
TRM-SMT-0589,Sumatra,150 kV,150.0,150,0.027,way/1314000762,150000,OSM-overpass
TRM-SMT-0590,Sumatra,150 kV,150.0,150,0.025,way/1314000763,150000,OSM-overpass
TRM-SMT-0591,Sumatra,150 kV,150.0,150,0.027,way/1314000764,150000,OSM-overpass
TRM-SMT-0592,Sumatra,150 kV,150.0,150,0.063,way/1314000765,150000,OSM-overpass
TRM-SMT-0593,Sumatra,150 kV,150.0,150,0.061,way/1314000766,150000,OSM-overpass
TRM-SMT-0594,Sumatra,150 kV,150.0,150,0.057,way/1314000767,150000,OSM-overpass
TRM-SMT-0595,Sumatra,150 kV,150.0,150,0.06,way/1314000768,150000,OSM-overpass
TRM-SMT-0596,Sumatra,150 kV,150.0,150,0.054,way/1314000769,150000,OSM-overpass
TRM-SMT-0597,Sumatra,150 kV,150.0,150,0.055,way/1314000770,150000,OSM-overpass
TRM-SMT-0598,Sumatra,275 kV,275.0,275,0.085,way/1314000771,275000,OSM-overpass
TRM-SMT-0599,Sumatra,275 kV,275.0,275,0.081,way/1314000772,275000,OSM-overpass
TRM-SMT-0600,Sumatra,150 kV,150.0,150,0.056,way/1314000773,150000,OSM-overpass
TRM-SMT-0601,Sumatra,150 kV,150.0,150,0.053,way/1314000774,150000,OSM-overpass
TRM-SMT-0602,Sumatra,150 kV,150.0,150,0.049,way/1314000775,150000,OSM-overpass
TRM-SMT-0603,Sumatra,150 kV,150.0,150,0.048,way/1314000776,150000,OSM-overpass
TRM-SMT-0604,Sumatra,275 kV,275.0,275;150,9.899,way/1314000778,275000;150000,OSM-overpass
TRM-SMT-0605,Sumatra,275 kV,275.0,275,2.383,way/1314000779,275000,OSM-overpass
TRM-SMT-0606,Sumatra,150 kV,150.0,150,7.564,way/1314000780,150000,OSM-overpass
TRM-SMT-0607,Sumatra,150 kV,150.0,150,0.027,way/1314000781,150000,OSM-overpass
TRM-SMT-0608,Sumatra,150 kV,150.0,150,0.028,way/1314000782,150000,OSM-overpass
TRM-SMT-0609,Sumatra,150 kV,150.0,150,56.399,way/1314000783,150000,OSM-overpass
TRM-SMT-0610,Sumatra,150 kV,150.0,150,0.057,way/1314000784,150000,OSM-overpass
TRM-SMT-0611,Sumatra,150 kV,150.0,150,0.057,way/1314000785,150000,OSM-overpass
TRM-SMT-0612,Sumatra,150 kV,150.0,150,0.044,way/1314001749,150000,OSM-overpass
TRM-SMT-0613,Sumatra,150 kV,150.0,150,0.042,way/1314001750,150000,OSM-overpass
TRM-SMT-0614,Sumatra,150 kV,150.0,150,0.041,way/1314001751,150000,OSM-overpass
TRM-SMT-0615,Sumatra,150 kV,150.0,150,0.045,way/1314001752,150000,OSM-overpass
TRM-SMT-0616,Sumatra,150 kV,150.0,150,0.109,way/1314001753,150000,OSM-overpass
TRM-SMT-0617,Sumatra,150 kV,150.0,150,0.108,way/1314001754,150000,OSM-overpass
TRM-SMT-0618,Sumatra,150 kV,150.0,150,0.137,way/1314001755,150000,OSM-overpass
TRM-SMT-0619,Sumatra,150 kV,150.0,150,4.546,way/1314001757,150000,OSM-overpass
TRM-SMT-0620,Sumatra,150 kV,150.0,150,0.071,way/1314001758,150000,OSM-overpass
TRM-SMT-0621,Sumatra,150 kV,150.0,150,0.069,way/1314001759,150000,OSM-overpass
TRM-SMT-0622,Sumatra,150 kV,150.0,150,39.412,way/1314003755,150000,OSM-overpass
TRM-SMT-0623,Sumatra,150 kV,150.0,150,0.104,way/1314072049,150000,OSM-overpass
TRM-SMT-0624,Sumatra,150 kV,150.0,150,0.113,way/1314072050,150000,OSM-overpass
TRM-SMT-0625,Sumatra,150 kV,150.0,150,0.064,way/1314072051,150000,OSM-overpass
TRM-SMT-0626,Sumatra,150 kV,150.0,150,0.063,way/1314072052,150000,OSM-overpass
TRM-SMT-0627,Sumatra,150 kV,150.0,150,2.724,way/1314072053,150000,OSM-overpass
TRM-SMT-0628,Sumatra,150 kV,150.0,150,0.049,way/1314075091,150000,OSM-overpass
TRM-SMT-0629,Sumatra,150 kV,150.0,150,0.05,way/1314075092,150000,OSM-overpass
TRM-SMT-0630,Sumatra,150 kV,150.0,150,74.887,way/1314075095,150000,OSM-overpass
TRM-SMT-0631,Sumatra,150 kV,150.0,150,0.051,way/1314075096,150000,OSM-overpass
TRM-SMT-0632,Sumatra,150 kV,150.0,150,0.085,way/1314075097,150000,OSM-overpass
TRM-SMT-0633,Sumatra,150 kV,150.0,150,0.057,way/1314075098,150000,OSM-overpass
TRM-SMT-0634,Sumatra,150 kV,150.0,150,0.044,way/1314075099,150000,OSM-overpass
TRM-SMT-0635,Sumatra,150 kV,150.0,150,0.042,way/1314075100,150000,OSM-overpass
TRM-SMT-0636,Sumatra,150 kV,150.0,150,17.107,way/1314442982,150000,OSM-overpass
TRM-SMT-0637,Sumatra,150 kV,150.0,150,0.029,way/1314442983,150000,OSM-overpass
TRM-SMT-0638,Sumatra,150 kV,150.0,150,0.03,way/1314442984,150000,OSM-overpass
TRM-SMT-0639,Sumatra,150 kV,150.0,150,0.032,way/1314442985,150000,OSM-overpass
TRM-SMT-0640,Sumatra,150 kV,150.0,150,0.027,way/1314442986,150000,OSM-overpass
TRM-SMT-0641,Batam,150 kV,150.0,150,0.204,way/1315220923,150000,OSM-overpass
TRM-SMT-0642,Batam,150 kV,150.0,150,0.199,way/1315220924,150000,OSM-overpass
TRM-SMT-0643,Batam,150 kV,150.0,150,0.057,way/1315220925,150000,OSM-overpass
TRM-SMT-0644,Batam,150 kV,150.0,150,0.055,way/1315220926,150000,OSM-overpass
TRM-SMT-0645,Batam,150 kV,150.0,150,0.058,way/1315220927,150000,OSM-overpass
TRM-SMT-0646,Batam,150 kV,150.0,150,0.062,way/1315220928,150000,OSM-overpass
TRM-SMT-0647,Batam,150 kV,150.0,150,2.021,way/1315220929,150000,OSM-overpass
TRM-SMT-0648,Batam,150 kV,150.0,150,3.809,way/1315220930,150000,OSM-overpass
TRM-SMT-0649,Batam,150 kV,150.0,150,0.058,way/1315329865,150000,OSM-overpass
TRM-SMT-0650,Batam,150 kV,150.0,150,0.058,way/1315329866,150000,OSM-overpass
TRM-SMT-0651,Batam,150 kV,150.0,150,0.078,way/1315329867,150000,OSM-overpass
TRM-SMT-0652,Batam,150 kV,150.0,150,0.076,way/1315329868,150000,OSM-overpass
TRM-SMT-0653,Batam,150 kV,150.0,150,0.05,way/1315329869,150000,OSM-overpass
TRM-SMT-0654,Batam,150 kV,150.0,150,0.051,way/1315329870,150000,OSM-overpass
TRM-SMT-0655,Batam,150 kV,150.0,150,0.048,way/1315329871,150000,OSM-overpass
TRM-SMT-0656,Batam,150 kV,150.0,150,0.046,way/1315329872,150000,OSM-overpass
TRM-SMT-0657,Batam,150 kV,150.0,150,0.043,way/1315329873,150000,OSM-overpass
TRM-SMT-0658,Batam,150 kV,150.0,150,0.044,way/1315329874,150000,OSM-overpass
TRM-SMT-0659,Batam,150 kV,150.0,150,0.043,way/1315329875,150000,OSM-overpass
TRM-SMT-0660,Batam,150 kV,150.0,150,0.074,way/1315329876,150000,OSM-overpass
TRM-SMT-0661,Batam,150 kV,150.0,150,0.043,way/1315329877,150000,OSM-overpass
TRM-SMT-0662,Batam,150 kV,150.0,150,0.074,way/1315329878,150000,OSM-overpass
TRM-SMT-0663,Batam,150 kV,150.0,150,0.029,way/1315329879,150000,OSM-overpass
TRM-SMT-0664,Batam,150 kV,150.0,150,0.068,way/1315329880,150000,OSM-overpass
TRM-SMT-0665,Batam,150 kV,150.0,150,0.03,way/1315329881,150000,OSM-overpass
TRM-SMT-0666,Batam,150 kV,150.0,150,0.067,way/1315329882,150000,OSM-overpass
TRM-SMT-0667,Batam,150 kV,150.0,150,0.276,way/1315329883,150000,OSM-overpass
TRM-SMT-0668,Batam,150 kV,150.0,150,0.277,way/1315329884,150000,OSM-overpass
TRM-SMT-0669,Batam,150 kV,150.0,150,0.039,way/1315329885,150000,OSM-overpass
TRM-SMT-0670,Batam,150 kV,150.0,150,0.038,way/1315329886,150000,OSM-overpass
TRM-SMT-0671,Batam,150 kV,150.0,150,0.04,way/1315329887,150000,OSM-overpass
TRM-SMT-0672,Batam,150 kV,150.0,150,5.432,way/1315329888,150000,OSM-overpass
TRM-SMT-0673,Batam,150 kV,150.0,150,0.039,way/1315329889,150000,OSM-overpass
TRM-SMT-0674,Batam,150 kV,150.0,150,0.097,way/1315329890,150000,OSM-overpass
TRM-SMT-0675,Batam,150 kV,150.0,150,0.098,way/1315329891,150000,OSM-overpass
TRM-SMT-0676,Batam,150 kV,150.0,150,0.096,way/1315329892,150000,OSM-overpass
TRM-SMT-0677,Batam,150 kV,150.0,150,0.099,way/1315329893,150000,OSM-overpass
TRM-SMT-0678,Batam,150 kV,150.0,150,0.032,way/1315329894,150000,OSM-overpass
TRM-SMT-0679,Batam,150 kV,150.0,150,0.029,way/1315329895,150000,OSM-overpass
TRM-SMT-0680,Batam,150 kV,150.0,150,0.032,way/1315329896,150000,OSM-overpass
TRM-SMT-0681,Batam,150 kV,150.0,150,0.03,way/1315329897,150000,OSM-overpass
TRM-SMT-0682,Sumatra,275 kV,275.0,275,0.067,way/1316786276,275000,OSM-overpass
TRM-SMT-0683,Sumatra,275 kV,275.0,275,0.062,way/1316786277,275000,OSM-overpass
TRM-SMT-0684,Sumatra,275 kV,275.0,275,0.051,way/1316786279,275000,OSM-overpass
TRM-SMT-0685,Sumatra,275 kV,275.0,275,0.062,way/1316786280,275000,OSM-overpass
TRM-SMT-0686,Sumatra,275 kV,275.0,275,39.499,way/1316786281,275000,OSM-overpass
TRM-SMT-0687,Sumatra,275 kV,275.0,275,162.522,way/1316786282,275000,OSM-overpass
TRM-SMT-0688,Sumatra,275 kV,275.0,275,0.071,way/1316786284,275000,OSM-overpass
TRM-SMT-0689,Sumatra,275 kV,275.0,275,0.071,way/1316786285,275000,OSM-overpass
TRM-SMT-0690,Sumatra,275 kV,275.0,275,0.066,way/1316786286,275000,OSM-overpass
TRM-SMT-0691,Sumatra,275 kV,275.0,275,0.062,way/1316786287,275000,OSM-overpass
TRM-SMT-0692,Sumatra,275 kV,275.0,275,119.905,way/1316786288,275000,OSM-overpass
TRM-SMT-0693,Sumatra,275 kV,275.0,275,97.235,way/1316829163,275000,OSM-overpass
TRM-SMT-0694,Sumatra,150 kV,150.0,150,0.118,way/1316876155,150000,OSM-overpass
TRM-SMT-0695,Sumatra,150 kV,150.0,150,0.229,way/1316938140,150000,OSM-overpass
TRM-SMT-0696,Sumatra,150 kV,150.0,150,0.254,way/1316938141,150000,OSM-overpass
TRM-SMT-0697,Sumatra,150 kV,150.0,150,0.049,way/1316938142,150000,OSM-overpass
TRM-SMT-0698,Sumatra,150 kV,150.0,150,0.049,way/1316938143,150000,OSM-overpass
TRM-SMT-0699,Sumatra,275 kV,275.0,275;150,0.166,way/1316938144,275000;150000,OSM-overpass
TRM-SMT-0700,Sumatra,275 kV,275.0,275,0.06,way/1316998026,275000,OSM-overpass
TRM-SMT-0701,Sumatra,275 kV,275.0,275,0.061,way/1316998027,275000,OSM-overpass
TRM-SMT-0702,Sumatra,150 kV,150.0,150,0.061,way/1317412539,150000,OSM-overpass
TRM-SMT-0703,Sumatra,150 kV,150.0,150,0.064,way/1317412540,150000,OSM-overpass
TRM-SMT-0704,Sumatra,150 kV,150.0,150,0.062,way/1317412541,150000,OSM-overpass
TRM-SMT-0705,Sumatra,150 kV,150.0,150,0.065,way/1317412542,150000,OSM-overpass
TRM-SMT-0706,Sumatra,150 kV,150.0,150,0.047,way/1317412554,150000,OSM-overpass
TRM-SMT-0707,Sumatra,150 kV,150.0,150,0.058,way/1317412555,150000,OSM-overpass
TRM-SMT-0708,Sumatra,150 kV,150.0,150,0.038,way/1318149615,150000,OSM-overpass
TRM-SMT-0709,Sumatra,150 kV,150.0,150,0.04,way/1318149616,150000,OSM-overpass
TRM-SMT-0710,Sumatra,150 kV,150.0,150,0.156,way/1318150930,150000,OSM-overpass
TRM-SMT-0711,Sumatra,150 kV,150.0,150,0.173,way/1318150931,150000,OSM-overpass
TRM-SMT-0712,Sumatra,275 kV,275.0,275,0.072,way/1318150932,275000,OSM-overpass
TRM-SMT-0713,Sumatra,275 kV,275.0,275,0.073,way/1318150933,275000,OSM-overpass
TRM-SMT-0714,Sumatra,150 kV,150.0,150,0.034,way/1318150934,150000,OSM-overpass
TRM-SMT-0715,Sumatra,150 kV,150.0,150,0.034,way/1318150935,150000,OSM-overpass
TRM-SMT-0716,Sumatra,150 kV,150.0,150,0.056,way/1318150936,150000,OSM-overpass
TRM-SMT-0717,Sumatra,150 kV,150.0,150,0.057,way/1318150937,150000,OSM-overpass
TRM-SMT-0718,Sumatra,150 kV,150.0,150,0.036,way/1318152693,150000,OSM-overpass
TRM-SMT-0719,Sumatra,150 kV,150.0,150,0.037,way/1318152694,150000,OSM-overpass
TRM-SMT-0720,Sumatra,150 kV,150.0,150,0.036,way/1318153930,150000,OSM-overpass
TRM-SMT-0721,Sumatra,150 kV,150.0,150,0.038,way/1318153931,150000,OSM-overpass
TRM-SMT-0722,Sumatra,275 kV,275.0,275,0.043,way/1318153932,275000,OSM-overpass
TRM-SMT-0723,Sumatra,275 kV,275.0,275,0.044,way/1318153933,275000,OSM-overpass
TRM-SMT-0724,Sumatra,150 kV,150.0,150,0.034,way/1318153934,150000,OSM-overpass
TRM-SMT-0725,Sumatra,150 kV,150.0,150,0.027,way/1318153935,150000,OSM-overpass
TRM-SMT-0726,Sumatra,150 kV,150.0,150,0.026,way/1318153936,150000,OSM-overpass
TRM-SMT-0727,Sumatra,150 kV,150.0,150,0.031,way/1318153937,150000,OSM-overpass
TRM-SMT-0728,Sumatra,150 kV,150.0,150,14.323,way/1318154429,150000,OSM-overpass
TRM-SMT-0729,Sumatra,150 kV,150.0,150,1.968,way/1318154430,150000,OSM-overpass
TRM-SMT-0730,Sumatra,150 kV,150.0,150,0.038,way/1318155153,150000,OSM-overpass
TRM-SMT-0731,Sumatra,150 kV,150.0,150,0.039,way/1318155154,150000,OSM-overpass
TRM-SMT-0732,Sumatra,150 kV,150.0,150,0.101,way/1318157575,150000,OSM-overpass
TRM-SMT-0733,Sumatra,150 kV,150.0,150,0.107,way/1318157576,150000,OSM-overpass
TRM-SMT-0734,Sumatra,150 kV,150.0,150,0.05,way/1318157577,150000,OSM-overpass
TRM-SMT-0735,Sumatra,150 kV,150.0,150,0.051,way/1318157578,150000,OSM-overpass
TRM-SMT-0736,Sumatra,275 kV,275.0,275,0.046,way/1318159437,275000,OSM-overpass
TRM-SMT-0737,Sumatra,275 kV,275.0,275,0.041,way/1318159438,275000,OSM-overpass
TRM-SMT-0738,Sumatra,150 kV,150.0,150,0.042,way/1320128305,150000,OSM-overpass
TRM-SMT-0739,Sumatra,150 kV,150.0,150,38.538,way/1320128306,150000,OSM-overpass
TRM-SMT-0740,Sumatra,150 kV,150.0,150,0.04,way/1411097704,150000,OSM-overpass
TRM-SMT-0741,Sumatra,150 kV,150.0,150,0.054,way/1417240367,150000,OSM-overpass
TRM-SMT-0742,Sumatra,150 kV,150.0,150,0.054,way/1417240368,150000,OSM-overpass
TRM-SMT-0743,Sumatra,150 kV,150.0,150,0.033,way/1417240369,150000,OSM-overpass
TRM-SMT-0744,Sumatra,150 kV,150.0,150,0.034,way/1417240370,150000,OSM-overpass
TRM-SMT-0745,Sumatra,150 kV,150.0,150,0.958,way/1417240371,150000,OSM-overpass
TRM-SMT-0746,Sumatra,150 kV,150.0,150,0.124,way/1425506430,150000,OSM-overpass
TRM-SMT-0747,Sumatra,150 kV,150.0,150,0.169,way/1425506431,150000,OSM-overpass
TRM-SMT-0748,Sumatra,150 kV,150.0,150,0.111,way/1425506432,150000,OSM-overpass
TRM-SMT-0749,Sumatra,150 kV,150.0,150,0.21,way/1431729787,150000,OSM-overpass
TRM-SMT-0750,Sumatra,150 kV,150.0,150,0.039,way/1431729789,150000,OSM-overpass
TRM-SMT-0751,Sumatra,150 kV,150.0,150,0.041,way/1431729790,150000,OSM-overpass
TRM-SMT-0752,Sumatra,275 kV,275.0,275,0.062,way/1454896979,275000,OSM-overpass
TRM-SMT-0753,Sumatra,275 kV,275.0,275,0.065,way/1454896980,275000,OSM-overpass
TRM-SMT-0754,Sumatra,275 kV,275.0,275,0.04,way/1454896981,275000,OSM-overpass
TRM-SMT-0755,Sumatra,275 kV,275.0,275,0.045,way/1454896982,275000,OSM-overpass
TRM-SMT-0756,Sumatra,150 kV,150.0,150,0.039,way/1454896985,150000,OSM-overpass
TRM-SMT-0757,Sumatra,150 kV,150.0,150,0.038,way/1454896986,150000,OSM-overpass
TRM-SMT-0758,Sumatra,150 kV,150.0,150,0.039,way/1454896987,150000,OSM-overpass
TRM-SMT-0759,Sumatra,150 kV,150.0,150,0.039,way/1454896988,150000,OSM-overpass
TRM-SMT-0760,Sumatra,150 kV,150.0,150,0.05,way/1454897764,150000,OSM-overpass
TRM-SMT-0761,Sumatra,150 kV,150.0,150,0.052,way/1454897765,150000,OSM-overpass
TRM-SMT-0762,Sumatra,275 kV,275.0,275,0.059,way/1454897767,275000,OSM-overpass
TRM-SMT-0763,Sumatra,275 kV,275.0,275,0.067,way/1454897768,275000,OSM-overpass
TRM-SMT-0764,Sumatra,275 kV,275.0,275,0.067,way/1454897770,275000,OSM-overpass
TRM-SMT-0765,Sumatra,275 kV,275.0,275,0.072,way/1454897771,275000,OSM-overpass
TRM-SMT-0766,Sumatra,275 kV,275.0,275,0.053,way/1454897772,275000,OSM-overpass
TRM-SMT-0767,Sumatra,275 kV,275.0,275,0.059,way/1454897773,275000,OSM-overpass
TRM-SMT-0768,Sumatra,150 kV,150.0,150,8.587,way/1481014983,150000,OSM-overpass
TRM-SMT-0769,Sumatra,150 kV,150.0,150,0.022,way/1494370046,150000,OSM-overpass
TRM-SMT-0770,Sumatra,150 kV,150.0,150,0.022,way/1494370047,150000,OSM-overpass
TRM-SMT-0771,Sumatra,150 kV,150.0,150,0.022,way/1494370048,150000,OSM-overpass
TRM-SMT-0772,Sumatra,150 kV,150.0,150,58.806,way/1504494251,150000,OSM-overpass
TRM-SMT-0773,Sumatra,150 kV,150.0,150,32.612,way/1504494252,150000,OSM-overpass
TRM-SMT-0774,Sumatra,150 kV,150.0,150,2.366,way/1504822499,150000,OSM-overpass
TRM-SMT-0775,Sumatra,150 kV,150.0,150,0.925,way/1504822786,150000,OSM-overpass
TRM-SMT-0776,Sumatra,150 kV,150.0,150,1.73,way/1504822966,150000,OSM-overpass
TRM-SMT-0777,Sumatra,150 kV,150.0,150,1.835,way/1504823449,150000,OSM-overpass
TRM-SMT-0778,Sumatra,150 kV,150.0,150,12.662,way/1504824063,150000,OSM-overpass
TRM-SMT-0779,Sumatra,150 kV,150.0,150,0.45,way/1504824064,150000,OSM-overpass
TRM-SMT-0780,Sumatra,150 kV,150.0,150,9.944,way/1504827128,150000,OSM-overpass
TRM-SMT-0781,Sumatra,150 kV,150.0,150,0.065,way/1504830014,150000,OSM-overpass
TRM-SMT-0782,Sumatra,150 kV,150.0,150,0.014,way/1504837763,150000,OSM-overpass
TRM-SMT-0783,Sumatra,275 kV,275.0,275,0.076,way/1504837764,275000,OSM-overpass
TRM-SMT-0784,Sumatra,150 kV,150.0,150,9.705,way/1504838512,150000,OSM-overpass
TRM-SMT-0785,Sumatra,500 kV,500.0,500,0.098,way/1504852035,500000,OSM-overpass
TRM-SMT-0786,Sumatra,150 kV,150.0,150,4.099,way/1504872522,150000,OSM-overpass
TRM-SMT-0787,Sumatra,150 kV,150.0,150,6.492,way/1504878056,150000,OSM-overpass
TRM-SMT-0788,Sumatra,275 kV,275.0,275,0.065,way/1504900664,275000,OSM-overpass
TRM-SMT-0789,Sumatra,150 kV,150.0,150,0.219,way/1504900665,150000,OSM-overpass
TRM-SMT-0790,Sumatra,150 kV,150.0,150,0.065,way/1504900666,150000,OSM-overpass
TRM-SMT-0791,Sumatra,275 kV,275.0,275,0.099,way/1504900667,275000,OSM-overpass
TRM-SMT-0792,Sumatra,275 kV,275.0,275,0.146,way/1504908337,275000,OSM-overpass
TRM-SMT-0793,Sumatra,150 kV,150.0,150,0.105,way/1504908338,150000,OSM-overpass
TRM-SMT-0794,Sumatra,150 kV,150.0,150,6.091,way/1504936609,150000,OSM-overpass
