id,province,system,voltage_class,voltage_kv_max,voltage_kv_all,length_km,osm_id,osm_voltage,source_id
TRM-MLK-0001,Maluku,Maluku,150 kV,150.0,150,12.186,way/611723634,150000,OSM-overpass
TRM-MLK-0002,Maluku,Maluku,150 kV,150.0,150,13.045,way/949578853,150000,OSM-overpass
TRM-MLK-0003,Maluku,Maluku,150 kV,150.0,150,13.763,way/949578854,150000,OSM-overpass
TRM-MLK-0004,Maluku Utara,Maluku,150 kV,150.0,150,7.699,way/951367600,150000,OSM-overpass
TRM-MLK-0005,Maluku,Maluku,150 kV,150.0,150,0.044,way/1225171160,150000,OSM-overpass
TRM-MLK-0006,Maluku,Maluku,150 kV,150.0,150,0.045,way/1225171161,150000,OSM-overpass
TRM-MLK-0007,Maluku,Maluku,150 kV,150.0,150,0.028,way/1225171162,150000,OSM-overpass
TRM-MLK-0008,Maluku,Maluku,150 kV,150.0,150,0.029,way/1225171163,150000,OSM-overpass
TRM-MLK-0009,Maluku,Maluku,150 kV,150.0,150,0.077,way/1225171164,150000,OSM-overpass
TRM-MLK-0010,Maluku,Maluku,150 kV,150.0,150,0.076,way/1225171165,150000,OSM-overpass
TRM-MLK-0011,Maluku,Maluku,150 kV,150.0,150,0.028,way/1225171166,150000,OSM-overpass
TRM-MLK-0012,Maluku,Maluku,150 kV,150.0,150,0.025,way/1225171167,150000,OSM-overpass
TRM-MLK-0013,Maluku,Maluku,150 kV,150.0,150,0.036,way/1225171168,150000,OSM-overpass
TRM-MLK-0014,Maluku,Maluku,150 kV,150.0,150,0.036,way/1225171169,150000,OSM-overpass
TRM-MLK-0015,Maluku,Maluku,70 kV,70.0,70,0.026,way/1313305447,70000,OSM-overpass
TRM-MLK-0016,Maluku,Maluku,70 kV,70.0,70,0.027,way/1313305448,70000,OSM-overpass
TRM-MLK-0017,Maluku,Maluku,70 kV,70.0,70,47.316,way/1313305450,70000,OSM-overpass
TRM-MLK-0018,Maluku,Maluku,70 kV,70.0,70,21.444,way/1313305451,70000,OSM-overpass
TRM-MLK-0019,Maluku,Maluku,150 kV,150.0,150,0.02,way/1313323063,150000,OSM-overpass
TRM-MLK-0020,Maluku,Maluku,150 kV,150.0,150,0.019,way/1313323064,150000,OSM-overpass
TRM-MLK-0021,Maluku,Maluku,150 kV,150.0,150,54.419,way/1313323066,150000,OSM-overpass
TRM-MLK-0022,Maluku,Maluku,150 kV,150.0,150,3.697,way/1313323067,150000,OSM-overpass
TRM-MLK-0023,Maluku,Maluku,150 kV,150.0,150,1.567,way/1313323068,150000,OSM-overpass
TRM-MLK-0024,Maluku,Maluku,150 kV,150.0,150,11.392,way/1313323069,150000,OSM-overpass
TRM-MLK-0025,Maluku,Maluku,150 kV,150.0,150,0.687,way/1313323070,150000,OSM-overpass
TRM-MLK-0026,Maluku,Maluku,150 kV,150.0,150,12.892,way/1313323071,150000,OSM-overpass
TRM-MLK-0027,Maluku,Maluku,150 kV,150.0,150,10.248,way/1313323072,150000,OSM-overpass
TRM-MLK-0028,Maluku,Maluku,150 kV,150.0,150,20.336,way/1313323073,150000,OSM-overpass
TRM-MLK-0029,Maluku,Maluku,150 kV,150.0,150,0.024,way/1313323074,150000,OSM-overpass
TRM-MLK-0030,Maluku,Maluku,150 kV,150.0,150,0.024,way/1313323075,150000,OSM-overpass
TRM-MLK-0031,Maluku Utara,Maluku,150 kV,150.0,150,0.04,way/1318790020,150000,OSM-overpass
TRM-MLK-0032,Maluku Utara,Maluku,150 kV,150.0,150,0.035,way/1318790021,150000,OSM-overpass
TRM-MLK-0033,Maluku Utara,Maluku,150 kV,150.0,150,6.173,way/1318790022,150000,OSM-overpass
TRM-MLK-0034,Maluku Utara,Maluku,150 kV,150.0,150,0.043,way/1318790023,150000,OSM-overpass
TRM-MLK-0035,Maluku Utara,Maluku,150 kV,150.0,150,0.041,way/1318790024,150000,OSM-overpass
TRM-MLK-0036,Maluku Utara,Maluku,150 kV,150.0,150,28.599,way/1318790025,150000,OSM-overpass
TRM-MLK-0037,Maluku Utara,Maluku,150 kV,150.0,150,0.04,way/1318790026,150000,OSM-overpass
TRM-MLK-0038,Maluku Utara,Maluku,150 kV,150.0,150,0.039,way/1318790027,150000,OSM-overpass
TRM-MLK-0039,Maluku Utara,Maluku,150 kV,150.0,150,0.039,way/1318790028,150000,OSM-overpass
TRM-MLK-0040,Maluku Utara,Maluku,150 kV,150.0,150,0.04,way/1318790029,150000,OSM-overpass
TRM-MLK-0041,Maluku Utara,Maluku,150 kV,150.0,150,0.04,way/1318790030,150000,OSM-overpass
TRM-MLK-0042,Maluku Utara,Maluku,150 kV,150.0,150,0.04,way/1318790031,150000,OSM-overpass
TRM-MLK-0043,Maluku Utara,Maluku,150 kV,150.0,150,0.043,way/1318790032,150000,OSM-overpass
TRM-MLK-0044,Maluku Utara,Maluku,150 kV,150.0,150,0.04,way/1318790033,150000,OSM-overpass
TRM-MLK-0045,Maluku Utara,Maluku,150 kV,150.0,150,1.235,way/1318790034,150000,OSM-overpass
TRM-MLK-0046,Maluku Utara,Maluku,150 kV,150.0,150,26.498,way/1318790035,150000,OSM-overpass
TRM-MLK-0047,Maluku Utara,Maluku,150 kV,150.0,150,26.44,way/1318790036,150000,OSM-overpass
TRM-MLK-0048,Maluku Utara,Maluku,150 kV,150.0,150,16.374,way/1318790039,150000,OSM-overpass
TRM-MLK-0049,Maluku Utara,Maluku,150 kV,150.0,150,1.138,way/1318790040,150000,OSM-overpass
TRM-MLK-0050,Maluku Utara,Maluku,150 kV,150.0,150,6.943,way/1318790041,150000,OSM-overpass
TRM-MLK-0051,Maluku Utara,Maluku,150 kV,150.0,150,11.196,way/1318790042,150000,OSM-overpass
TRM-MLK-0052,Maluku Utara,Maluku,150 kV,150.0,150,67.268,way/1318790044,150000,OSM-overpass
TRM-MLK-0053,Maluku,Maluku,70 kV,70.0,70,2.044,way/1505064205,70000,OSM-overpass
TRM-MLK-0054,Maluku,Maluku,70 kV,70.0,70,18.458,way/1505067353,70000,OSM-overpass
TRM-MLK-0055,Maluku,Maluku,150 kV,150.0,150,1.893,way/1505070365,150000,OSM-overpass
TRM-MLK-0056,Maluku,Maluku,150 kV,150.0,150,3.854,way/1505070366,150000,OSM-overpass
TRM-MLK-0057,Maluku,Maluku,150 kV,150.0,150,5.554,way/1505070367,150000,OSM-overpass
TRM-MLK-0058,Maluku,Maluku,150 kV,150.0,150,6.485,way/1505070368,150000,OSM-overpass
TRM-MLK-0059,Maluku,Maluku,150 kV,150.0,150,5.835,way/1505070369,150000,OSM-overpass
TRM-MLK-0060,Maluku,Maluku,150 kV,150.0,150,3.697,way/1505070370,150000,OSM-overpass
TRM-MLK-0061,Maluku,Maluku,150 kV,150.0,150,1.381,way/1505070371,150000,OSM-overpass
